"Type","Start","End","Duration","Start Condition","Start Location","End Condition","Notes"
"Feed","2022-06-26 17:22",,,"Breast Milk","Bottle","30ml",
"Feed","2022-06-26 16:53","2022-06-26 16:59","00:05","Null r","Breast","00:05L",
"Pump","2022-06-26 16:21",,,"110ml",,,
"Feed","2022-06-26 15:26",,,"Breast Milk","Bottle","120ml",
"Diaper","2022-06-26 15:24",,"yellow",,,"Both",
"Diaper","2022-06-26 14:40",,,,,"Both",
"Pump","2022-06-26 13:45",,,"110ml",,,
"Feed","2022-06-26 13:23","2022-06-26 13:38","00:14","00:14R","Breast","Null l",
"Feed","2022-06-26 12:00",,,"Breast Milk","Bottle","140ml",
"Diaper","2022-06-26 12:00",,"yellow",,,"Both",
"Diaper","2022-06-26 11:14",,"green",,,"Both",
"Pump","2022-06-26 10:37",,,"105ml",,,
"Feed","2022-06-26 09:18",,,"Breast Milk","Bottle","160ml",
"Diaper","2022-06-26 08:30",,,,,"Both",
"Pump","2022-06-26 07:15",,,"200ml",,,
"Feed","2022-06-26 07:04","2022-06-26 07:12","00:07","00:07R","Breast","Null l",
"Feed","2022-06-26 06:36","2022-06-26 06:53","00:16","Null r","Breast","00:16L",
"Diaper","2022-06-26 06:24",,,,,"Poo:large pee:large",
"Feed","2022-06-25 21:44",,,"Formula","Bottle","130ml",
"Diaper","2022-06-25 21:42",,,,,"Poo:large pee:large",
"Pump","2022-06-25 21:41",,,"150ml",,,
"Feed","2022-06-25 20:12",,,"Breast Milk","Bottle","110ml",
"Diaper","2022-06-25 19:31",,,,,"Pee:large",
"Feed","2022-06-25 16:48",,,"Breast Milk","Bottle","125ml",
"Pump","2022-06-25 16:45",,,"140ml",,,
"Diaper","2022-06-25 16:33",,"green",,,"Both",
"Feed","2022-06-25 15:27",,,"Breast Milk","Bottle","90ml",
"Feed","2022-06-25 14:05","2022-06-25 14:24","00:18","00:06R","Breast","00:11L",
"Diaper","2022-06-25 13:55",,,,,"Pee",
"Feed","2022-06-25 12:54",,,"Breast Milk","Bottle","140ml",
"Pump","2022-06-25 12:12",,,"200ml",,,
"Diaper","2022-06-25 12:06",,,,,"Pee",
"Diaper","2022-06-25 10:18",,,,,"Both",
"Feed","2022-06-25 09:53",,,"Formula","Bottle","90ml",
"Feed","2022-06-25 09:17",,,"Formula","Bottle","40ml",
"Pump","2022-06-25 09:02",,,"240ml",,,
"Feed","2022-06-25 08:23",,,"Formula","Bottle","30ml",
"Diaper","2022-06-25 08:06",,"green",,,"Pee:large poo:large",
"Feed","2022-06-25 06:46",,,"Formula","Bottle","70ml",
"Feed","2022-06-25 06:06",,,"Breast Milk","Bottle","100ml",
"Diaper","2022-06-25 05:40",,"green",,,"Poo:large pee:large",
"Pump","2022-06-24 21:56",,,"90ml",,,
"Diaper","2022-06-24 21:11",,,,,"Pee",
"Feed","2022-06-24 21:11",,,"Formula","Bottle","60ml",
"Feed","2022-06-24 19:13",,,"Breast Milk","Bottle","50ml",
"Diaper","2022-06-24 19:12",,,,,"Pee",
"Pump","2022-06-24 18:26",,,"65ml",,,
"Feed","2022-06-24 18:01",,,"Breast Milk","Bottle","120ml",
"Diaper","2022-06-24 18:01",,,,,"Both",
"Feed","2022-06-24 17:14","2022-06-24 17:25","00:11","00:11R","Breast","Null l",
"Pump","2022-06-24 16:13",,,"70ml",,,
"Feed","2022-06-24 15:43","2022-06-24 15:55","00:12","Null r","Breast","00:12L",
"Diaper","2022-06-24 15:33",,,,,"Poo:large",
"Feed","2022-06-24 15:06",,,"Breast Milk","Bottle","140ml",
"Diaper","2022-06-24 14:48",,,,,"Pee:medium poo:small",
"Pump","2022-06-24 14:35",,,"130ml",,,
"Diaper","2022-06-24 12:29",,,,,"Pee",
"Feed","2022-06-24 11:08",,,"Breast Milk","Bottle","190ml",
"Pump","2022-06-24 09:48",,,"190ml",,,
"Diaper","2022-06-24 09:37",,,,,"Pee",
"Diaper","2022-06-24 08:00",,,,,"Pee",
"Feed","2022-06-24 07:28",,,"Breast Milk","Bottle","110ml",
"Diaper","2022-06-24 06:56",,"green",,,"Both",
"Feed","2022-06-24 03:25",,,"Breast Milk","Bottle","170ml",
"Diaper","2022-06-24 03:25",,,,,"Poo",
"Pump","2022-06-24 03:14",,,"165ml",,,
"Diaper","2022-06-24 02:56",,,,,"Pee:large poo:large",
"Pump","2022-06-23 21:23",,,"100ml",,,
"Feed","2022-06-23 19:53",,,"Breast Milk","Bottle","20ml",
"Pump","2022-06-23 19:45",,,"60ml",,,
"Diaper","2022-06-23 19:07",,"green",,,"Poo:large pee:large",
"Feed","2022-06-23 18:39",,,"Breast Milk","Bottle","150ml",
"Pump","2022-06-23 18:01",,,"120ml",,,
"Feed","2022-06-23 15:16",,,"Breast Milk","Bottle","70ml",
"Pump","2022-06-23 14:34",,,"140ml",,,
"Feed","2022-06-23 13:50",,,"Formula","Bottle","60ml",
"Feed","2022-06-23 13:14",,,"Breast Milk","Bottle","145ml",
"Diaper","2022-06-23 13:05",,,,,"Pee",
"Pump","2022-06-23 11:15",,,"145ml",,,
"Feed","2022-06-23 10:54",,,"Breast Milk","Bottle","150ml",
"Diaper","2022-06-23 10:41",,,,,"Pee:large",
"Feed","2022-06-23 09:18",,,"Breast Milk","Bottle","70ml",
"Pump","2022-06-23 08:24",,,"210ml",,,
"Diaper","2022-06-23 08:20",,,,,"Pee",
"Feed","2022-06-23 06:36",,,"Formula","Bottle","2.5oz",
"Feed","2022-06-23 05:59",,,"Breast Milk","Bottle","120ml",
"Diaper","2022-06-23 05:40",,"green",,,"Poo:large",
"Pump","2022-06-22 20:48",,,"125ml",,,
"Feed","2022-06-22 20:42",,,"Formula","Bottle","75ml",
"Diaper","2022-06-22 20:29",,"green",,,"Poo:large pee:large",
"Feed","2022-06-22 19:36",,,"Formula","Bottle","65ml",
"Feed","2022-06-22 19:02",,,"Breast Milk","Bottle","140ml",
"Pump","2022-06-22 17:15",,,"70ml",,,
"Diaper","2022-06-22 16:47",,,,,"Pee",
"Feed","2022-06-22 16:11",,,"Breast Milk","Bottle","50ml",
"Diaper","2022-06-22 16:01",,,,,"Poo:large pee:large",
"Feed","2022-06-22 15:40",,,"Breast Milk","Bottle","50ml",
"Feed","2022-06-22 15:18",,,"Breast Milk","Bottle","110ml",
"Diaper","2022-06-22 14:57",,"green",,,"Pee:large poo:large",
"Pump","2022-06-22 14:29",,,"100ml",,,
"Feed","2022-06-22 12:16",,,"Breast Milk","Bottle","80ml",
"Feed","2022-06-22 11:49",,,"Breast Milk","Bottle","120ml",
"Diaper","2022-06-22 11:33",,,,,"Both",
"Pump","2022-06-22 11:07",,,"75ml",,,
"Pump","2022-06-22 08:09",,,"60ml",,,
"Feed","2022-06-22 07:57",,,"Breast Milk","Bottle","160ml",
"Diaper","2022-06-22 07:43",,,,,"Pee:large poo:large",
"Pump","2022-06-22 06:44",,,"40ml",,,
"Feed","2022-06-22 06:22",,,"Breast Milk","Bottle","20ml",
"Pump","2022-06-22 06:22",,,"70ml",,,
"Pump","2022-06-22 05:52",,,"220ml",,,
"Feed","2022-06-22 05:48",,,"Breast Milk","Bottle","150ml",
"Diaper","2022-06-22 05:41",,,,,"Pee:large poo:small",
"Pump","2022-06-21 20:53",,,"60ml",,,
"Diaper","2022-06-21 20:30",,,,,"Both",
"Feed","2022-06-21 20:21",,,"Breast Milk","Bottle","130ml",
"Diaper","2022-06-21 19:52",,,,,"Both",
"Feed","2022-06-21 18:36","2022-06-21 18:59","00:23","Null r","Breast","00:23L",
"Feed","2022-06-21 18:08","2022-06-21 18:23","00:15","Null r","Breast","00:15L",
"Diaper","2022-06-21 17:26",,,,,"Pee",
"Pump","2022-06-21 17:17",,,"90ml",,,
"Feed","2022-06-21 16:30",,,"Breast Milk","Bottle","130ml",
"Feed","2022-06-21 14:55",,,"Breast Milk","Bottle","110ml",
"Diaper","2022-06-21 14:40",,,,,"Poo:small pee:large",
"Pump","2022-06-21 14:25",,,"120ml",,,
"Feed","2022-06-21 11:30",,,"Breast Milk","Bottle","140ml",
"Diaper","2022-06-21 11:21",,,,,"Pee:large",
"Pump","2022-06-21 10:39",,,"170ml",,,
"Feed","2022-06-21 09:12",,,"Breast Milk","Bottle","100ml",
"Diaper","2022-06-21 08:45",,"green",,,"Pee:large poo:large",
"Feed","2022-06-21 06:53",,,"Breast Milk","Bottle","80ml",
"Pump","2022-06-21 06:40",,,"110ml",,,
"Feed","2022-06-21 06:01","2022-06-21 06:18","00:16","Null r","Breast","00:16L",
"Diaper","2022-06-21 05:50",,,,,"Poo:large pee:large",
"Diaper","2022-06-20 19:41",,,,,"Poo:small pee:medium",
"Feed","2022-06-20 19:40",,,"Breast Milk","Bottle","60ml",
"Feed","2022-06-20 19:09",,,"Breast Milk","Bottle","150ml",
"Feed","2022-06-20 17:51",,,"Breast Milk","Bottle","40ml",
"Pump","2022-06-20 17:46",,,"170ml",,,
"Diaper","2022-06-20 17:35",,,,,"Both",
"Feed","2022-06-20 16:23",,,"Breast Milk","Bottle","50ml",
"Diaper","2022-06-20 15:48",,,,,"Both",
"Feed","2022-06-20 14:11",,,"Formula","Bottle","160ml",
"Pump","2022-06-20 14:09",,,"220ml",,,
"Diaper","2022-06-20 13:50",,,,,"Pee:small poo:medium",
"Diaper","2022-06-20 12:11",,,,,"Pee:large poo:small",
"Temp","2022-06-20 12:10",,,"100.3°F",,,
"Feed","2022-06-20 11:42",,,"Breast Milk","Bottle","105ml",
"Pump","2022-06-20 09:54",,,"240ml",,,
"Feed","2022-06-20 09:15",,,"Formula","Bottle","70ml",
"Diaper","2022-06-20 08:36",,"green",,,"Both",
"Feed","2022-06-20 06:52",,,"Formula","Bottle","30ml",
"Feed","2022-06-20 06:09",,,"Formula","Bottle","150ml",
"Diaper","2022-06-20 05:33",,"green",,,"Poo:large pee:large",
"Feed","2022-06-19 21:01",,,"Breast Milk","Bottle","40ml",
"Feed","2022-06-19 20:38",,,"Breast Milk","Bottle","120ml",
"Pump","2022-06-19 20:05",,,"160ml",,,
"Feed","2022-06-19 17:49",,,"Breast Milk","Bottle","160ml",
"Diaper","2022-06-19 17:19",,,,,"Pee:large",
"Feed","2022-06-19 14:54",,,"Breast Milk","Bottle","200ml",
"Pump","2022-06-19 14:34",,,"160ml",,,
"Diaper","2022-06-19 14:01",,"brown","Diarrhea",,"Both",
"Diaper","2022-06-19 10:56",,"brown",,,"Both",
"Pump","2022-06-19 10:38",,,"145ml",,,
"Feed","2022-06-19 10:35",,,"Breast Milk","Bottle","120ml",
"Diaper","2022-06-19 08:31",,,,,"Poo:small pee:large",
"Feed","2022-06-19 08:10",,,"Breast Milk","Bottle","90ml",
"Feed","2022-06-19 07:00",,,"Breast Milk","Bottle","20ml",
"Pump","2022-06-19 06:32",,,"160ml",,,
"Feed","2022-06-19 06:25",,,"Breast Milk","Bottle","150ml",
"Diaper","2022-06-19 06:10",,,,,"Both",
"Pump","2022-06-19 02:41",,,"180ml",,,
"Feed","2022-06-18 21:40",,,"Breast Milk","Bottle","50ml",
"Diaper","2022-06-18 21:09",,,,,"Both",
"Feed","2022-06-18 20:50",,,"Breast Milk","Bottle","150ml",
"Pump","2022-06-18 20:49",,,"190ml",,,
"Diaper","2022-06-18 19:04",,,,,"Both",
"Diaper","2022-06-18 18:23",,,,,"Poo:medium pee:large",
"Feed","2022-06-18 18:04",,,"Breast Milk","Bottle","90ml",
"Pump","2022-06-18 17:39",,,"160ml",,,
"Feed","2022-06-18 17:17",,,"Breast Milk","Bottle","60ml",
"Feed","2022-06-18 17:17",,,"Formula","Bottle","60ml",
"Diaper","2022-06-18 13:45",,,,,"Both",
"Feed","2022-06-18 13:27",,,"Breast Milk","Bottle","150ml",
"Feed","2022-06-18 13:27",,,"Formula","Bottle","60ml",
"Diaper","2022-06-18 11:03",,,,,"Pee:large poo:small",
"Pump","2022-06-18 10:59",,,"160ml",,,
"Feed","2022-06-18 10:16",,,"Breast Milk","Bottle","120ml",
"Diaper","2022-06-18 09:40",,,,,"Poo:small pee:large",
"Pump","2022-06-18 08:00",,,"260ml",,,
"Feed","2022-06-18 07:07",,,"Breast Milk","Bottle","150ml",
"Diaper","2022-06-18 06:31",,,,,"Both",
"Feed","2022-06-17 21:39",,,"Formula","Bottle","60ml",
"Diaper","2022-06-17 21:17",,,,,"Both",
"Feed","2022-06-17 20:20",,,"Formula","Bottle","90ml",
"Pump","2022-06-17 19:58",,,"120ml",,,
"Feed","2022-06-17 19:38",,,"Breast Milk","Bottle","120ml",
"Feed","2022-06-17 18:14",,,"Breast Milk","Bottle","30ml",
"Diaper","2022-06-17 17:39",,,,,"Pee",
"Pump","2022-06-17 16:57",,,"90ml",,,
"Feed","2022-06-17 16:16","2022-06-17 16:25","00:09","Null r","Breast","00:09L",
"Diaper","2022-06-17 16:04",,,,,"Both",
"Feed","2022-06-17 15:57",,,"Breast Milk","Bottle","155ml",
"Diaper","2022-06-17 15:22",,,,,"Pee:large",
"Pump","2022-06-17 13:33",,,"150ml",,,
"Feed","2022-06-17 13:26",,,"Breast Milk","Bottle","185ml",
"Diaper","2022-06-17 12:44",,,,,"Poo:large pee:large",
"Pump","2022-06-17 10:44",,,"160ml",,,
"Feed","2022-06-17 10:14",,,"Breast Milk","Bottle","75ml",
"Diaper","2022-06-17 10:03",,,,,"Pee",
"Feed","2022-06-17 09:30",,,"Formula","Bottle","120ml",
"Pump","2022-06-17 07:22",,,"240ml",,,
"Feed","2022-06-17 07:16",,,"Breast Milk","Bottle","160ml",
"Diaper","2022-06-17 07:04",,,,,"Pee:large poo:large",
"Pump","2022-06-16 21:16",,,"100ml",,,
"Feed","2022-06-16 20:38",,,"Formula","Bottle","40ml",
"Feed","2022-06-16 20:08",,,"Formula","Bottle","110ml",
"Diaper","2022-06-16 19:58",,,,,"Pee:large poo:large",
"Feed","2022-06-16 18:56",,,"Formula","Bottle","40ml",
"Pump","2022-06-16 18:23",,,"105ml",,,
"Diaper","2022-06-16 17:21",,,,,"Poo:small pee:small",
"Feed","2022-06-16 17:02","2022-06-16 17:17","00:15","Null r","Breast","00:15L",
"Feed","2022-06-16 17:00",,,"Breast Milk","Bottle","50ml",
"Feed","2022-06-16 16:21",,,"Breast Milk","Bottle","70ml",
"Diaper","2022-06-16 16:06",,,,,"Pee:large poo:large",
"Temp","2022-06-16 15:02",,,"99.8°F",,,
"Feed","2022-06-16 14:17",,,"Breast Milk","Bottle","130ml",
"Diaper","2022-06-16 13:52",,,,,"Pee:large poo:large",
"Pump","2022-06-16 13:37",,,"120ml",,,
"Feed","2022-06-16 12:33",,,"Breast Milk","Bottle","140ml",
"Pump","2022-06-16 10:28",,,"190ml",,,
"Feed","2022-06-16 09:57",,,"Breast Milk","Bottle","160ml",
"Diaper","2022-06-16 09:39",,,,,"Pee:large",
"Pump","2022-06-16 08:01",,,"240ml",,,
"Temp","2022-06-16 07:21",,,"98.3°F",,,"Underarm"
"Feed","2022-06-16 07:06",,,"Formula","Bottle","30ml",
"Feed","2022-06-16 06:46",,,"Breast Milk","Bottle","120ml",
"Diaper","2022-06-16 06:02",,"green",,,"Poo:large pee:large",
"Pump","2022-06-15 21:59",,,"130ml",,,
"Feed","2022-06-15 20:39",,,"Formula","Bottle","120ml",
"Meds","2022-06-15 19:53",,,"1.25ml","Infant Tylenol",,
"Diaper","2022-06-15 19:51",,,,,"Poo",
"Temp","2022-06-15 19:50",,,"99.9°F",,,
"Meds","2022-06-15 19:50",,,"1.25ml","Infant Tylenol",,
"Feed","2022-06-15 19:33",,,"Breast Milk","Bottle","130ml",
"Diaper","2022-06-15 18:54",,,,,"Both",
"Diaper","2022-06-15 17:04",,,,,"Both",
"Pump","2022-06-15 16:40",,,"140ml",,,
"Feed","2022-06-15 16:31",,,"Breast Milk","Bottle","130ml",
"Diaper","2022-06-15 15:15",,,,,"Both",
"Temp","2022-06-15 15:01",,,"100.5°F",,,
"Meds","2022-06-15 14:56",,,"1.25ml","Infant Tylenol",,
"Feed","2022-06-15 14:24",,,"Breast Milk","Bottle","150ml",
"Pump","2022-06-15 13:05",,,"155ml",,,
"Diaper","2022-06-15 12:51",,,,,"Both",
"Feed","2022-06-15 11:54",,,"Breast Milk","Bottle","140ml",
"Temp","2022-06-15 11:40",,,"99.8°F",,,
"Diaper","2022-06-15 11:38",,"green",,,"Poo:large pee:large",
"Pump","2022-06-15 09:21",,,"140ml",,,
"Feed","2022-06-15 09:20",,,"Breast Milk","Bottle","120ml",
"Feed","2022-06-15 08:09",,,"Formula","Bottle","50ml",
"Diaper","2022-06-15 06:46",,,,,"Poo:large",
"Temp","2022-06-15 06:35",,,"99.8°F",,,"Rectal"
"Feed","2022-06-15 06:23",,,"Formula","Bottle","90ml",
"Pump","2022-06-15 06:22",,,"240ml",,,
"Diaper","2022-06-15 06:13",,,,,"Both",
"Feed","2022-06-14 21:11",,,"Breast Milk","Bottle","55ml",
"Diaper","2022-06-14 21:03",,,,,"Poo",
"Meds","2022-06-14 20:30",,,"1.25ml","Infant Tylenol",,
"Temp","2022-06-14 20:23",,,"100.7°F",,,"Rectal"
"Diaper","2022-06-14 19:52",,,,,"Pee:large poo:large",
"Pump","2022-06-14 19:37",,,"110ml",,,
"Feed","2022-06-14 19:03",,,"Breast Milk","Bottle","140ml",
"Diaper","2022-06-14 17:21",,,,,"Pee",
"Pump","2022-06-14 16:24",,,"150ml",,,
"Feed","2022-06-14 16:16",,,"Breast Milk","Bottle","130ml",
"Diaper","2022-06-14 15:39",,,,,"Both",
"Diaper","2022-06-14 13:43",,,,,"Pee:large",
"Pump","2022-06-14 13:39",,,"150ml",,,
"Feed","2022-06-14 13:36",,,"Breast Milk","Bottle","130ml",
"Feed","2022-06-14 10:54",,,"Breast Milk","Bottle","165ml",
"Diaper","2022-06-14 09:34",,,,,"Pee:large",
"Feed","2022-06-14 09:12",,,"Formula","Bottle","30ml",
"Pump","2022-06-14 08:45",,,"250ml",,,
"Feed","2022-06-14 08:26",,,"Breast Milk","Bottle","80ml",
"Temp","2022-06-14 07:02",,,"97.2°F",,,"Armpit"
"Feed","2022-06-14 06:24",,,"Breast Milk","Bottle","90ml",
"Diaper","2022-06-14 05:48",,"green",,,"Poo:large pee:large",
"Pump","2022-06-13 21:54",,,"150ml",,,
"Feed","2022-06-13 21:54",,,"Breast Milk","Bottle","100ml",
"Temp","2022-06-13 21:30",,,"100.9°F",,,"Rectal"
"Diaper","2022-06-13 21:27",,,,,"Pee",
"Temp","2022-06-13 20:56",,,"101.6°F",,,"Rectal "
"Meds","2022-06-13 20:09",,,"1.25ml","Infant Tylenol",,
"Feed","2022-06-13 19:38",,,"Breast Milk","Bottle","140ml",
"Diaper","2022-06-13 19:23",,,,,"Pee",
"Temp","2022-06-13 19:22",,,"101.6°F",,,"Rectal"
"Pump","2022-06-13 19:12",,,"110ml",,,
"Diaper","2022-06-13 14:53",,,,,"Pee:large poo:large",
"Feed","2022-06-13 14:45",,,"Breast Milk","Bottle","150ml",
"Pump","2022-06-13 14:00",,,"135ml",,,
"Diaper","2022-06-13 11:45",,,,,"Both",
"Growth","2022-06-13 11:32",,,"10.91lbs.oz","1.88ft.in","14.96in",
"Feed","2022-06-13 10:45",,,"Breast Milk","Bottle","150ml",
"Pump","2022-06-13 10:02",,,"170ml",,,
"Diaper","2022-06-13 09:45",,,,,"Both",
"Feed","2022-06-13 08:25",,,"Breast Milk","Bottle","120ml",
"Diaper","2022-06-13 07:25",,,,,"Both",
"Feed","2022-06-13 06:29",,,"Breast Milk","Bottle","120ml",
"Pump","2022-06-13 06:06",,,"170ml",,,
"Feed","2022-06-13 05:31","2022-06-13 05:48","00:16","Null r","Breast","00:16L",
"Diaper","2022-06-13 05:30",,,,,"Poo:large pee:large",
"Pump","2022-06-12 21:23",,,"130ml",,,
"Diaper","2022-06-12 20:23",,,,,"Pee:medium poo:small",
"Feed","2022-06-12 20:10",,,"Breast Milk","Bottle","60ml",
"Feed","2022-06-12 19:09",,,"Breast Milk","Bottle","140ml",
"Diaper","2022-06-12 18:18",,"green",,,"Both",
"Pump","2022-06-12 18:16",,,"150ml",,,
"Feed","2022-06-12 16:15",,,"Breast Milk","Bottle","150ml",
"Diaper","2022-06-12 15:35",,,,,"Both",
"Feed","2022-06-12 13:35",,,"Breast Milk","Bottle","120ml",
"Pump","2022-06-12 13:24",,,"130ml",,,
"Diaper","2022-06-12 12:08",,"green",,,"Poo",
"Diaper","2022-06-12 11:56",,,,,"Pee",
"Pump","2022-06-12 11:17",,,"185ml",,,
"Diaper","2022-06-12 11:06",,,,,"Pee:medium",
"Feed","2022-06-12 10:43",,,"Breast Milk","Bottle","100ml",
"Diaper","2022-06-12 08:19",,,,,"Pee",
"Feed","2022-06-12 08:13",,,"Formula","Bottle","100ml",
"Diaper","2022-06-12 07:13",,,,,"Pee",
"Feed","2022-06-12 06:03",,,"Formula","Bottle","150ml",
"Pump","2022-06-12 05:33",,,"225ml",,,
"Diaper","2022-06-12 04:56",,"green",,,"Pee:large poo:large",
"Feed","2022-06-11 21:21",,,"Breast Milk","Bottle","70ml",
"Diaper","2022-06-11 21:01",,,,,"Both",
"Pump","2022-06-11 19:41",,,"110ml",,,
"Feed","2022-06-11 19:25",,,"Breast Milk","Bottle","80ml",
"Diaper","2022-06-11 18:38",,,,,"Both",
"Feed","2022-06-11 18:28",,,"Breast Milk","Bottle","100ml",
"Pump","2022-06-11 16:16",,,"140ml",,,
"Diaper","2022-06-11 16:16",,,,,"Both",
"Feed","2022-06-11 16:10",,,"Breast Milk","Bottle","130ml",
"Feed","2022-06-11 13:26",,,"Breast Milk","Bottle","140ml",
"Diaper","2022-06-11 13:01",,,,,"Pee:large poo:large",
"Pump","2022-06-11 12:27",,,"105ml",,,
"Feed","2022-06-11 12:19",,,"Breast Milk","Bottle","60ml",
"Diaper","2022-06-11 10:11",,,,,"Poo:large pee:large",
"Pump","2022-06-11 09:25",,,"180ml",,,
"Feed","2022-06-11 08:49",,,"Breast Milk","Bottle","50ml",
"Feed","2022-06-11 08:07",,,"Breast Milk","Bottle","60ml",
"Pump","2022-06-11 06:05",,,"200ml",,,
"Feed","2022-06-11 06:05",,,"Breast Milk","Bottle","105ml",
"Diaper","2022-06-11 05:46",,,,,"Pee:small poo:small",
"Pump","2022-06-10 20:35",,,"95ml",,,
"Feed","2022-06-10 20:05",,,"Breast Milk","Bottle","120ml",
"Feed","2022-06-10 18:55",,,"Breast Milk","Bottle","50ml",
"Pump","2022-06-10 17:15",,,"125ml",,,
"Diaper","2022-06-10 17:14",,,,,"Pee:large poo:large",
"Feed","2022-06-10 16:58",,,"Breast Milk","Bottle","150ml",
"Diaper","2022-06-10 14:52",,,,,"Poo:large pee:large",
"Pump","2022-06-10 14:24",,,"170ml",,,
"Feed","2022-06-10 13:56",,,"Formula","Bottle","150ml",
"Feed","2022-06-10 11:39",,,"Formula","Bottle","70ml",
"Diaper","2022-06-10 11:30",,,,,"Both",
"Diaper","2022-06-10 09:53",,,,,"Both",
"Pump","2022-06-10 09:48",,,"150ml",,,
"Feed","2022-06-10 09:47",,,"Breast Milk","Bottle","70ml",
"Diaper","2022-06-10 07:35",,,,,"Poo:large pee:large",
"Feed","2022-06-10 07:30",,,"Breast Milk","Bottle","130ml",
"Pump","2022-06-10 07:24",,,"205ml",,,
"Feed","2022-06-10 04:41",,,"Breast Milk","Bottle","140ml",
"Diaper","2022-06-10 04:24",,"green",,,"Both",
"Pump","2022-06-09 21:01",,,"75ml",,,
"Feed","2022-06-09 19:26",,,"Breast Milk","Bottle","110ml",
"Diaper","2022-06-09 18:00",,,,,"Both",
"Pump","2022-06-09 18:00",,,"105ml",,,
"Feed","2022-06-09 17:28",,,"Breast Milk","Bottle","120ml",
"Pump","2022-06-09 15:13",,,"95ml",,,
"Diaper","2022-06-09 14:42",,"green",,,"Pee:large poo:medium",
"Feed","2022-06-09 14:12",,,"Breast Milk","Bottle","130ml",
"Diaper","2022-06-09 13:01",,,,,"Poo",
"Pump","2022-06-09 12:31",,,"155ml",,,
"Diaper","2022-06-09 12:10",,,,,"Both",
"Feed","2022-06-09 12:01",,,"Breast Milk","Bottle","140ml",
"Feed","2022-06-09 09:33",,,"Breast Milk","Bottle","130ml",
"Diaper","2022-06-09 09:18",,,,,"Poo:large pee:large",
"Pump","2022-06-09 08:52",,,"180ml",,,
"Feed","2022-06-09 08:28",,,"Breast Milk","Bottle","80ml",
"Feed","2022-06-09 07:09",,,"Breast Milk","Bottle","40ml",
"Diaper","2022-06-09 06:31",,,,,"Both",
"Pump","2022-06-09 05:24",,,"60ml",,,
"Feed","2022-06-09 04:58","2022-06-09 05:18","00:20","00:00R","Breast","00:20L",
"Diaper","2022-06-09 04:48",,,,,"Both",
"Feed","2022-06-08 22:05",,,"Breast Milk","Bottle","120ml",
"Pump","2022-06-08 20:34",,,"105ml",,,
"Diaper","2022-06-08 19:07",,,,,"Poo:large",
"Feed","2022-06-08 18:31",,,"Breast Milk","Bottle","120ml",
"Diaper","2022-06-08 17:55",,,,,"Poo:large pee:large",
"Pump","2022-06-08 17:00",,,"120ml",,,
"Feed","2022-06-08 15:29",,,"Breast Milk","Bottle","140ml",
"Diaper","2022-06-08 15:10",,,,,"Pee",
"Pump","2022-06-08 13:41",,,"120ml",,,
"Feed","2022-06-08 13:35",,,"Breast Milk","Bottle","50ml",
"Diaper","2022-06-08 12:07",,,,,"Both",
"Feed","2022-06-08 11:21",,,"Breast Milk","Bottle","185ml",
"Diaper","2022-06-08 11:06",,,,,"Both",
"Pump","2022-06-08 11:06",,,"150ml",,,
"Feed","2022-06-08 08:28",,,"Breast Milk","Bottle","80ml",
"Diaper","2022-06-08 08:27",,,,,"Pee",
"Pump","2022-06-08 07:11",,,"280ml",,,
"Feed","2022-06-08 05:13",,,"Breast Milk","Bottle","140ml",
"Diaper","2022-06-08 04:43",,,,,"Both",
"Feed","2022-06-07 20:45",,,"Breast Milk","Bottle","60ml",
"Diaper","2022-06-07 20:27",,,,,"Both",
"Feed","2022-06-07 19:47",,,"Breast Milk","Bottle","60ml",
"Pump","2022-06-07 19:01",,,"125ml",,,
"Diaper","2022-06-07 18:25",,,,,"Both",
"Feed","2022-06-07 18:02",,,"Breast Milk","Bottle","75ml",
"Feed","2022-06-07 16:51",,,"Breast Milk","Bottle","65ml",
"Diaper","2022-06-07 16:11",,,,,"Both",
"Pump","2022-06-07 15:02",,,"160ml",,,
"Feed","2022-06-07 14:59",,,"Breast Milk","Bottle","100ml",
"Diaper","2022-06-07 13:55",,,,,"Both",
"Feed","2022-06-07 12:28",,,"Breast Milk","Bottle","90ml",
"Diaper","2022-06-07 11:53",,,,,"Pee:large",
"Feed","2022-06-07 10:35",,,"Formula","Bottle","50ml",
"Pump","2022-06-07 09:45",,,"170ml",,,
"Feed","2022-06-07 08:39",,,"Breast Milk","Bottle","150ml",
"Diaper","2022-06-07 08:19",,,,,"Both",
"Pump","2022-06-07 05:36",,,"220ml",,,
"Feed","2022-06-07 05:10",,,"Breast Milk","Bottle","60ml",
"Feed","2022-06-07 05:10",,,"Formula","Bottle","90ml",
"Diaper","2022-06-07 04:36",,,,,"Both",
"Pump","2022-06-06 20:15",,,"120ml",,,
"Diaper","2022-06-06 19:27",,,,,"Poo",
"Feed","2022-06-06 19:00",,,"Breast Milk","Bottle","120ml",
"Diaper","2022-06-06 18:23",,,,,"Poo:large pee:large",
"Pump","2022-06-06 17:24",,,"120ml",,,
"Feed","2022-06-06 16:47",,,"Breast Milk","Bottle","60ml",
"Feed","2022-06-06 15:55",,,"Breast Milk","Bottle","50ml",
"Diaper","2022-06-06 15:06",,,,,"Both",
"Pump","2022-06-06 14:14",,,"160ml",,,
"Feed","2022-06-06 14:14",,,"Breast Milk","Bottle","130ml",
"Diaper","2022-06-06 12:25",,,,,"Both",
"Feed","2022-06-06 11:16",,,"Breast Milk","Bottle","120ml",
"Diaper","2022-06-06 10:08",,,,,"Both",
"Feed","2022-06-06 09:31",,,"Breast Milk","Bottle","60ml",
"Pump","2022-06-06 09:22",,,"170ml",,,
"Diaper","2022-06-06 08:58",,,,,"Both",
"Diaper","2022-06-06 07:36",,,,,"Both",
"Feed","2022-06-06 07:35",,,"Breast Milk","Bottle","120ml",
"Pump","2022-06-06 04:07",,,"170ml",,,
"Feed","2022-06-06 03:48",,,"Breast Milk","Bottle","125ml",
"Diaper","2022-06-06 03:31",,,,,"Pee:large poo:large",
"Feed","2022-06-05 21:01",,,"Breast Milk","Bottle","130ml",
"Diaper","2022-06-05 20:41",,,,,"Pee",
"Diaper","2022-06-05 18:33",,,,,"Both",
"Feed","2022-06-05 18:21",,,"Breast Milk","Bottle","90ml",
"Pump","2022-06-05 17:55",,,"165ml",,,
"Diaper","2022-06-05 17:04",,,,,"Both",
"Pump","2022-06-05 16:15",,,"80ml",,,
"Feed","2022-06-05 15:40",,,"Breast Milk","Bottle","135ml",
"Diaper","2022-06-05 13:12",,,,,"Pee",
"Pump","2022-06-05 13:02",,,"275ml",,,
"Feed","2022-06-05 12:54",,,"Breast Milk","Bottle","120ml",
"Diaper","2022-06-05 11:24",,,,,"Poo:large pee:large",
"Feed","2022-06-05 10:55",,,"Breast Milk","Bottle","105ml",
"Diaper","2022-06-05 08:34",,"yellow",,,"Both",
"Feed","2022-06-05 08:11",,,"Breast Milk","Bottle","115ml",
"Pump","2022-06-05 03:56",,,"225ml",,,
"Feed","2022-06-05 03:55",,,"Breast Milk","Bottle","100ml",
"Diaper","2022-06-05 03:36",,,,,"Both",
"Feed","2022-06-04 21:27",,,"Formula","Bottle","140ml",
"Pump","2022-06-04 20:36",,,"165ml",,,
"Diaper","2022-06-04 20:03",,,,,"Pee:large poo:medium",
"Feed","2022-06-04 18:31",,,"Formula","Bottle","120ml",
"Feed","2022-06-04 17:45","2022-06-04 17:59","00:14","00:14R","Breast","Null l",
"Diaper","2022-06-04 16:38",,,,,"Both",
"Feed","2022-06-04 16:25",,,"Breast Milk","Bottle","130ml",
"Diaper","2022-06-04 15:58",,,,,"Both",
"Diaper","2022-06-04 13:30",,,,,"Poo:large pee:large",
"Pump","2022-06-04 13:12",,,"145ml",,,
"Feed","2022-06-04 12:25",,,"Breast Milk","Bottle","80ml",
"Diaper","2022-06-04 11:24",,,,,"Pee:medium",
"Pump","2022-06-04 09:59",,,"200ml",,,
"Feed","2022-06-04 09:53",,,"Breast Milk","Bottle","100ml",
"Feed","2022-06-04 09:03",,,"Breast Milk","Bottle","80ml",
"Diaper","2022-06-04 09:03",,,,,"Pee",
"Feed","2022-06-04 07:20",,,"Breast Milk","Bottle","50ml",
"Diaper","2022-06-04 06:35",,"green",,,"Both",
"Pump","2022-06-04 04:34",,,"40ml",,,
"Feed","2022-06-04 04:33",,,"Breast Milk","Bottle","75ml",
"Feed","2022-06-04 04:01","2022-06-04 04:18","00:17","Null r","Breast","00:17L",
"Pump","2022-06-03 21:41",,,"65ml",,,
"Feed","2022-06-03 21:00",,,"Breast Milk","Bottle","30ml",
"Diaper","2022-06-03 20:54",,,,,"Pee:large poo:large",
"Feed","2022-06-03 20:51","2022-06-03 21:08","00:17","Null r","Breast","00:17L",
"Feed","2022-06-03 19:23",,,"Breast Milk","Bottle","70ml",
"Feed","2022-06-03 18:24",,,"Breast Milk","Bottle","30ml",
"Pump","2022-06-03 18:11",,,"180ml",,,
"Diaper","2022-06-03 17:57",,,,,"Pee:large",
"Feed","2022-06-03 17:18",,,"Breast Milk","Bottle","140ml",
"Pump","2022-06-03 14:59",,,"170ml",,,
"Growth","2022-06-03 13:47",,,"10.28lbs.oz","1.83ft.in","38cm",
"Feed","2022-06-03 13:45",,,"Breast Milk","Bottle","60ml",
"Diaper","2022-06-03 13:45",,,,,"Poo",
"Diaper","2022-06-03 11:22",,,,,"Both",
"Feed","2022-06-03 11:11",,,"Breast Milk","Bottle","70ml",
"Feed","2022-06-03 09:32",,,"Breast Milk","Bottle","40ml",
"Diaper","2022-06-03 08:52",,,,,"Pee",
"Pump","2022-06-03 08:17",,,"165ml",,,
"Feed","2022-06-03 08:00",,,"Breast Milk","Bottle","55ml",
"Feed","2022-06-03 06:48",,,"Breast Milk","Bottle","50ml",
"Pump","2022-06-03 05:21",,,"230ml",,,
"Diaper","2022-06-03 05:06",,"green",,,"Pee:large poo:large",
"Feed","2022-06-03 04:51",,,"Formula","Bottle","130ml",
"Diaper","2022-06-02 21:48",,,,,"Both",
"Sleep","2022-06-02 21:43","2022-06-03 04:17","06:34",,,,
"Feed","2022-06-02 21:38",,,"Breast Milk","Bottle","70ml",
"Pump","2022-06-02 21:11",,,"100ml",,,
"Feed","2022-06-02 20:27","2022-06-02 20:44","00:17","Null r","Breast","00:17L",
"Sleep","2022-06-02 19:34","2022-06-02 20:18","00:44",,,,
"Diaper","2022-06-02 19:05",,,,,"Pee",
"Feed","2022-06-02 18:07",,,"Breast Milk","Bottle","120ml",
"Diaper","2022-06-02 18:07",,,,,"Both",
"Sleep","2022-06-02 16:29","2022-06-02 17:20","00:51",,,,
"Feed","2022-06-02 16:09",,,"Breast Milk","Bottle","100ml",
"Diaper","2022-06-02 15:56",,,,,"Both",
"Sleep","2022-06-02 15:19","2022-06-02 15:40","00:21",,,,
"Feed","2022-06-02 14:43",,,"Breast Milk","Bottle","30ml",
"Pump","2022-06-02 14:21",,,"155ml",,,
"Feed","2022-06-02 13:25",,,"Breast Milk","Bottle","50ml",
"Diaper","2022-06-02 13:16",,,,,"Poo:medium pee:large",
"Feed","2022-06-02 12:14",,,"Breast Milk","Bottle","90ml",
"Sleep","2022-06-02 12:14","2022-06-02 13:13","00:59",,,,
"Pump","2022-06-02 10:41",,,"165ml",,,
"Sleep","2022-06-02 10:32","2022-06-02 11:19","00:47",,,,
"Diaper","2022-06-02 10:22",,"yellow",,,"Pee:large poo:large",
"Feed","2022-06-02 10:08",,,"Breast Milk","Bottle","120ml",
"Sleep","2022-06-02 07:45","2022-06-02 08:43","00:58",,,,
"Diaper","2022-06-02 07:41",,,,,"Pee:large",
"Pump","2022-06-02 07:38",,,"235ml",,,
"Feed","2022-06-02 07:38",,,"Breast Milk","Bottle","150ml",
"Diaper","2022-06-02 04:15",,"yellow",,,"Both",
"Feed","2022-06-02 04:15",,,"Breast Milk","Bottle","100ml",
"Pump","2022-06-01 21:12",,,"70ml",,,
"Feed","2022-06-01 20:55",,,"Breast Milk","Bottle","110ml",
"Diaper","2022-06-01 20:25",,,,,"Both",
"Feed","2022-06-01 20:09","2022-06-01 20:26","00:17","Null r","Breast","00:17L",
"Feed","2022-06-01 18:53",,,"Breast Milk","Bottle","50ml",
"Pump","2022-06-01 18:50",,,"150ml",,,
"Diaper","2022-06-01 18:38",,"green",,,"Poo:medium pee:large",
"Feed","2022-06-01 17:10",,,"Breast Milk","Bottle","75ml",
"Diaper","2022-06-01 15:49",,,,,"Both",
"Feed","2022-06-01 15:49",,,"Breast Milk","Bottle","95ml",
"Pump","2022-06-01 14:10",,,"110ml",,,
"Feed","2022-06-01 13:43",,,"Breast Milk","Bottle","85ml",
"Diaper","2022-06-01 13:20",,,,,"Pee:large poo:medium",
"Feed","2022-06-01 11:50",,,"Breast Milk","Bottle","110ml",
"Pump","2022-06-01 11:06",,,"170ml",,,
"Temp","2022-06-01 11:00",,,"99.8°F",,,"Rectal"
"Diaper","2022-06-01 10:36",,,,,"Pee:medium",
"Feed","2022-06-01 09:06",,,"Formula","Bottle","30ml",
"Diaper","2022-06-01 08:19",,,,,"Pee",
"Feed","2022-06-01 08:04",,,"Formula","Bottle","130ml",
"Pump","2022-06-01 07:58",,,"220ml",,,
"Diaper","2022-06-01 05:59",,"green",,,"Both",
"Feed","2022-06-01 05:58",,,"Breast Milk","Bottle","110ml",
"Feed","2022-05-31 21:09",,,"Breast Milk","Bottle","50ml",
"Pump","2022-05-31 20:50",,,"80ml",,,
"Feed","2022-05-31 20:05","2022-05-31 20:23","00:18","Null r","Breast","00:18L",
"Diaper","2022-05-31 19:24",,"green",,,"Both",
"Feed","2022-05-31 18:57",,,"Breast Milk","Bottle","30ml",
"Feed","2022-05-31 18:25",,,"Breast Milk","Bottle","20ml",
"Feed","2022-05-31 17:47",,,"Breast Milk","Bottle","80ml",
"Diaper","2022-05-31 17:02",,,,,"Both",
"Feed","2022-05-31 16:47",,,"Breast Milk","Bottle","40ml",
"Pump","2022-05-31 16:47",,,"135ml",,,
"Feed","2022-05-31 14:38",,,"Breast Milk","Bottle","105ml",
"Diaper","2022-05-31 14:00",,,,,"Pee:small",
"Pump","2022-05-31 13:14",,,"130ml",,,
"Feed","2022-05-31 12:36",,,"Breast Milk","Bottle","125ml",
"Diaper","2022-05-31 12:35",,,,,"Poo:large pee:large",
"Diaper","2022-05-31 10:10",,,,,"Both",
"Feed","2022-05-31 09:54",,,"Breast Milk","Bottle","85ml",
"Pump","2022-05-31 08:39",,,"140ml",,,
"Diaper","2022-05-31 08:38",,,,,"Both",
"Feed","2022-05-31 07:50",,,"Breast Milk","Bottle","70ml",
"Sleep","2022-05-31 06:17","2022-05-31 07:09","00:52",,,,
"Pump","2022-05-31 06:09",,,"190ml",,,
"Diaper","2022-05-31 06:08",,,,,"Both",
"Feed","2022-05-31 05:58",,,"Breast Milk","Bottle","140ml",
"Feed","2022-05-30 21:21",,,"Breast Milk","Bottle","90ml",
"Pump","2022-05-30 21:20",,,"90ml",,,
"Sleep","2022-05-30 21:09","2022-05-31 05:30","08:21",,,,
"Diaper","2022-05-30 20:54",,,,,"Both",
"Feed","2022-05-30 20:30","2022-05-30 20:40","00:10","Null r","Breast","00:10L",
"Pump","2022-05-30 18:59",,,"115ml",,,
"Feed","2022-05-30 18:15",,,"Breast Milk","Bottle","115ml",
"Pump","2022-05-30 15:50",,,"130ml",,,
"Feed","2022-05-30 15:24",,,"Breast Milk","Bottle","65ml",
"Diaper","2022-05-30 14:24",,,,,"Pee",
"Diaper","2022-05-30 13:24",,,,,"Both",
"Feed","2022-05-30 13:05",,,"Breast Milk","Bottle","100ml",
"Pump","2022-05-30 11:13",,,"180ml",,,
"Feed","2022-05-30 11:00",,,"Breast Milk","Bottle","60ml",
"Diaper","2022-05-30 10:42",,,,,"Pee",
"Diaper","2022-05-30 10:32",,,,,"Pee",
"Diaper","2022-05-30 08:43",,,,,"Pee",
"Feed","2022-05-30 08:42",,,"Breast Milk","Bottle","125ml",
"Diaper","2022-05-30 06:49",,,,,"Poo:large pee:large",
"Pump","2022-05-30 06:26",,,"230ml",,,
"Feed","2022-05-30 06:23",,,"Breast Milk","Bottle","150ml",
"Pump","2022-05-29 20:47",,,"170ml",,,
"Feed","2022-05-29 20:30",,,"Breast Milk","Bottle","20ml",
"Diaper","2022-05-29 20:15",,,,,"Pee:large poo:large",
"Feed","2022-05-29 19:51","2022-05-29 20:08","00:17","Null r","Breast","00:17L",
"Diaper","2022-05-29 17:48",,,,,"Both",
"Feed","2022-05-29 17:48",,,"Formula","Bottle","120ml",
"Feed","2022-05-29 15:48",,,"Breast Milk","Bottle","90ml",
"Pump","2022-05-29 14:46",,,"60ml",,,
"Feed","2022-05-29 13:48",,,"Breast Milk","Bottle","70ml",
"Diaper","2022-05-29 12:53",,"green",,,"Poo",
"Feed","2022-05-29 11:33",,,"Breast Milk","Bottle","70ml",
"Diaper","2022-05-29 11:26",,,,,"Pee:large",
"Pump","2022-05-29 11:00",,,"170ml",,,
"Feed","2022-05-29 10:26",,,"Breast Milk","Bottle","30ml",
"Feed","2022-05-29 08:28",,,"Breast Milk","Bottle","130ml",
"Diaper","2022-05-29 08:12",,,,,"Pee",
"Pump","2022-05-29 07:48",,,"230ml",,,
"Diaper","2022-05-29 04:51",,"green",,,"Poo",
"Feed","2022-05-29 04:51",,,"Breast Milk","Bottle","110ml",
"Feed","2022-05-28 23:00",,,"Formula","Bottle","100ml",
"Feed","2022-05-28 21:37",,,"Breast Milk","Bottle","30ml",
"Pump","2022-05-28 21:33",,,"120ml",,,
"Diaper","2022-05-28 18:45",,,,,"Poo",
"Pump","2022-05-28 18:07",,,"130ml",,,
"Feed","2022-05-28 18:05",,,"Breast Milk","Bottle","125ml",
"Diaper","2022-05-28 14:46",,,,,"Both",
"Feed","2022-05-28 14:45",,,"Breast Milk","Bottle","70ml",
"Pump","2022-05-28 13:11",,,"80ml",,,
"Feed","2022-05-28 12:48","2022-05-28 13:04","00:15","Null r","Breast","00:15L",
"Diaper","2022-05-28 11:15",,,,,"Both",
"Feed","2022-05-28 10:30",,,"Breast Milk","Bottle","120ml",
"Feed","2022-05-28 09:22",,,"Breast Milk","Bottle","55ml",
"Diaper","2022-05-28 09:05",,,,,"Pee",
"Pump","2022-05-28 07:37","2022-05-28 07:57","00:20","185ml",,,
"Diaper","2022-05-28 07:17",,,,,"Pee:medium",
"Feed","2022-05-28 07:16",,,"Breast Milk","Bottle","110ml",
"Feed","2022-05-28 03:11",,,"Breast Milk","Bottle","90ml",
"Diaper","2022-05-28 02:59",,"green",,,"Both",
"Pump","2022-05-27 20:51",,,"120ml",,,
"Diaper","2022-05-27 20:46",,,,,"Both",
"Feed","2022-05-27 19:31",,,"Breast Milk","Bottle","140ml",
"Diaper","2022-05-27 19:00",,,,,"Both",
"Pump","2022-05-27 17:49",,,"210ml",,,
"Feed","2022-05-27 16:10",,,"Breast Milk","Bottle","110ml",
"Diaper","2022-05-27 15:56",,,,,"Both",
"Feed","2022-05-27 14:31",,,"Breast Milk","Bottle","55ml",
"Feed","2022-05-27 12:58",,,"Breast Milk","Bottle","70ml",
"Diaper","2022-05-27 12:58",,"green",,,"Both",
"Pump","2022-05-27 12:12",,,"100ml",,,
"Feed","2022-05-27 10:39",,,"Breast Milk","Bottle","130ml",
"Diaper","2022-05-27 09:59",,"green",,,"Poo:large pee:large",
"Pump","2022-05-27 07:45",,,"160ml",,,
"Feed","2022-05-27 07:40",,,"Breast Milk","Bottle","40ml",
"Feed","2022-05-27 06:06",,,"Breast Milk","Bottle","100ml",
"Diaper","2022-05-27 05:54",,,,,"Pee",
"Pump","2022-05-27 04:17",,,"190ml",,,
"Diaper","2022-05-27 03:04",,"green",,,"Both",
"Feed","2022-05-27 02:14",,,"Breast Milk","Bottle","120ml",
"Pump","2022-05-26 20:58",,,"95ml",,,
"Feed","2022-05-26 20:08","2022-05-26 20:22","00:14","Null r","Breast","00:14L",
"Diaper","2022-05-26 20:02",,,,,"Pee:large poo:large",
"Feed","2022-05-26 19:35",,,"Breast Milk","Bottle","120ml",
"Pump","2022-05-26 17:28",,,"130ml",,,
"Diaper","2022-05-26 16:59",,,,,"Pee",
"Feed","2022-05-26 16:50",,,"Breast Milk","Bottle","110ml",
"Diaper","2022-05-26 16:28",,"green",,,"Poo:large pee:large",
"Feed","2022-05-26 14:29",,,"Breast Milk","Bottle","50ml",
"Pump","2022-05-26 14:29",,,"170ml",,,
"Feed","2022-05-26 14:12","2022-05-26 14:27","00:15","Null r","Breast","00:15L",
"Diaper","2022-05-26 12:34",,"green",,,"Poo:large pee:large",
"Feed","2022-05-26 12:12",,,"Breast Milk","Bottle","120ml",
"Pump","2022-05-26 11:29",,,"170ml",,,
"Feed","2022-05-26 10:40",,,"Breast Milk","Bottle","90ml",
"Feed","2022-05-26 08:46",,,"Breast Milk","Bottle","90ml",
"Diaper","2022-05-26 08:25",,"green",,,"Pee:large poo:large",
"Pump","2022-05-26 05:36",,,"240ml",,,
"Feed","2022-05-26 05:10",,,"Breast Milk","Bottle","130ml",
"Diaper","2022-05-26 04:46",,,,,"Pee:large poo:small",
"Diaper","2022-05-26 01:19",,"green",,,"Poo:large",
"Feed","2022-05-26 00:53",,,"Breast Milk","Bottle","125ml",
"Pump","2022-05-25 19:13",,,"130ml",,,
"Feed","2022-05-25 19:08",,,"Breast Milk","Bottle","150ml",
"Diaper","2022-05-25 18:20",,,,,"Both",
"Temp","2022-05-25 18:05",,,"99.7°F",,,"Rectal"
"Pump","2022-05-25 15:56",,,"170ml",,,
"Feed","2022-05-25 15:41",,,"Breast Milk","Bottle","70ml",
"Diaper","2022-05-25 15:12",,,,,"Poo:large pee:large",
"Feed","2022-05-25 14:03",,,"Breast Milk","Bottle","110ml",
"Pump","2022-05-25 11:46",,,"150ml",,,
"Feed","2022-05-25 11:20",,,"Breast Milk","Bottle","100ml",
"Diaper","2022-05-25 11:00",,"yellow",,,"Poo:large",
"Feed","2022-05-25 10:51",,,"Breast Milk","Bottle","60ml",
"Diaper","2022-05-25 08:47",,"brown",,,"Poo",
"Pump","2022-05-25 08:36",,,"180ml",,,
"Feed","2022-05-25 08:29",,,"Formula","Bottle","100ml",
"Diaper","2022-05-25 08:17",,,,,"Pee:large",
"Feed","2022-05-25 05:55",,,"Formula","Bottle","80ml",
"Diaper","2022-05-25 05:39",,,,,"Pee",
"Pump","2022-05-25 04:30",,,"220ml",,,
"Diaper","2022-05-25 03:42",,"green",,,"Both",
"Feed","2022-05-25 03:00",,,"Formula","Bottle","130ml",
"Feed","2022-05-24 19:49",,,"Breast Milk","Bottle","30ml",
"Diaper","2022-05-24 19:49",,"green",,,"Both",
"Feed","2022-05-24 19:20",,,"Breast Milk","Bottle","40ml",
"Pump","2022-05-24 17:30",,,"110ml",,,
"Feed","2022-05-24 17:24",,,"Breast Milk","Bottle","130ml",
"Diaper","2022-05-24 17:05",,"green",,,"Poo:large pee:large",
"Diaper","2022-05-24 15:53",,,,,"Both",
"Feed","2022-05-24 15:44",,,"Breast Milk","Bottle","80ml",
"Pump","2022-05-24 14:01",,,"130ml",,,
"Diaper","2022-05-24 13:11",,,,,"Poo:medium pee:large",
"Feed","2022-05-24 13:11",,,"Breast Milk","Bottle","100ml",
"Feed","2022-05-24 11:17",,,"Breast Milk","Bottle","110ml",
"Diaper","2022-05-24 10:42",,"green",,,"Pee:large poo:medium",
"Pump","2022-05-24 10:40",,,"115ml",,,
"Pump","2022-05-24 08:03",,,"160ml",,,
"Feed","2022-05-24 07:48",,,"Breast Milk","Bottle","120ml",
"Diaper","2022-05-24 06:20",,,,,"Both",
"Feed","2022-05-24 05:55",,,"Breast Milk","Bottle","90ml",
"Pump","2022-05-24 05:17",,,"210ml",,,
"Feed","2022-05-24 03:46",,,"Breast Milk","Bottle","95ml",
"Diaper","2022-05-24 03:46",,"green",,,"Poo",
"Diaper","2022-05-23 23:40",,"green",,,"Both",
"Feed","2022-05-23 23:40",,,"Breast Milk","Bottle","100ml",
"Feed","2022-05-23 19:17",,,"Breast Milk","Bottle","50ml",
"Diaper","2022-05-23 18:55",,,,,"Both",
"Feed","2022-05-23 17:34",,,"Breast Milk","Bottle","40ml",
"Pump","2022-05-23 17:32",,,"210ml",,,
"Diaper","2022-05-23 16:16",,,,,"Pee:large poo:large",
"Feed","2022-05-23 16:08",,,"Breast Milk","Bottle","120ml",
"Feed","2022-05-23 14:02",,,"Breast Milk","Bottle","80ml",
"Diaper","2022-05-23 12:26",,"yellow",,,"Poo:large pee:large",
"Pump","2022-05-23 12:18",,,"160ml",,,
"Feed","2022-05-23 12:04",,,"Breast Milk","Bottle","130ml",
"Feed","2022-05-23 09:30",,,"Breast Milk","Bottle","40ml",
"Feed","2022-05-23 08:43",,,"Breast Milk","Bottle","45ml",
"Diaper","2022-05-23 08:33",,,,,"Poo:large",
"Pump","2022-05-23 07:59",,,"100ml",,,
"Feed","2022-05-23 07:05","2022-05-23 07:24","00:19","Null r","Breast","00:19L",
"Diaper","2022-05-23 07:02",,,,,"Pee",
"Pump","2022-05-23 04:56",,,"220ml",,,
"Feed","2022-05-23 03:54",,,"Breast Milk","Bottle","90ml",
"Diaper","2022-05-23 03:53",,"green",,,"Poo",
"Feed","2022-05-23 00:38",,,"Breast Milk","Bottle","105ml",
"Diaper","2022-05-22 23:47",,"green",,,"Both",
"Feed","2022-05-22 20:00",,,"Breast Milk","Bottle","30ml",
"Pump","2022-05-22 18:55",,,"140ml",,,
"Diaper","2022-05-22 18:50",,"green",,,"Poo:large pee:large",
"Feed","2022-05-22 18:29",,,"Breast Milk","Bottle","45ml",
"Feed","2022-05-22 17:28",,,"Breast Milk","Bottle","120ml",
"Pump","2022-05-22 16:06",,,"125ml",,,
"Feed","2022-05-22 14:15",,,"Breast Milk","Bottle","25ml",
"Diaper","2022-05-22 13:58",,"green",,,"Both",
"Feed","2022-05-22 13:10",,,"Breast Milk","Bottle","110ml",
"Diaper","2022-05-22 11:45",,"green",,,"Both",
"Pump","2022-05-22 11:27",,,"130ml",,,
"Feed","2022-05-22 11:13",,,"Breast Milk","Bottle","10ml",
"Feed","2022-05-22 09:32",,,"Breast Milk","Bottle","125ml",
"Pump","2022-05-22 09:17",,,"165ml",,,
"Diaper","2022-05-22 09:01",,"green",,,"Both",
"Feed","2022-05-22 07:36",,,"Formula","Bottle","120ml",
"Diaper","2022-05-22 06:53",,"yellow",,,"Poo:medium",
"Pump","2022-05-22 06:01",,,"240ml",,,
"Diaper","2022-05-22 03:15",,"green",,,"Both",
"Feed","2022-05-22 03:01",,,"Breast Milk","Bottle","110ml",
"Diaper","2022-05-21 20:48",,,,,"Both",
"Feed","2022-05-21 20:14",,,"Breast Milk","Bottle","30ml",
"Pump","2022-05-21 20:14",,,"115ml",,,
"Feed","2022-05-21 20:01",,,"Breast Milk","Bottle","120ml",
"Diaper","2022-05-21 18:39",,"green",,"Diaper rash","Both",
"Feed","2022-05-21 17:07",,,"Breast Milk","Bottle","110ml",
"Pump","2022-05-21 15:20",,,"150ml",,,
"Feed","2022-05-21 15:16",,,"Breast Milk","Bottle","130ml",
"Diaper","2022-05-21 15:01",,,,"Diaper rash","Pee",
"Feed","2022-05-21 12:07",,,"Breast Milk","Bottle","70ml",
"Diaper","2022-05-21 11:41",,,,,"Pee",
"Pump","2022-05-21 11:30",,,"150ml",,,
"Feed","2022-05-21 10:47",,,"Breast Milk","Bottle","100ml",
"Diaper","2022-05-21 10:36",,,,,"Poo",
"Diaper","2022-05-21 07:29",,,,,"Pee",
"Feed","2022-05-21 07:21",,,"Breast Milk","Bottle","140ml",
"Pump","2022-05-21 07:00",,,"130ml",,,
"Growth","2022-05-21 05:32",,,"9.66lbs.oz","1.82ft.in","14.57in",
"Pump","2022-05-21 04:10",,,"260ml",,,
"Feed","2022-05-21 03:17",,,"Breast Milk","Bottle","105ml",
"Diaper","2022-05-21 02:53",,"green",,,"Both",
"Diaper","2022-05-20 22:36",,"yellow",,"Diaper rash","Both",
"Feed","2022-05-20 22:12",,,"Breast Milk","Bottle","105ml",
"Diaper","2022-05-20 18:18",,,,,"Poo",
"Pump","2022-05-20 17:34",,,"190ml",,,
"Diaper","2022-05-20 17:18",,,,,"Poo",
"Feed","2022-05-20 17:16",,,"Breast Milk","Bottle","150ml",
"Pump","2022-05-20 12:48",,,"100ml",,,
"Feed","2022-05-20 12:15",,,"Breast Milk","Bottle","100ml",
"Diaper","2022-05-20 11:43",,"yellow",,"Diaper rash","Poo",
"Diaper","2022-05-20 10:36",,"yellow",,"Diaper rash","Both",
"Feed","2022-05-20 09:52",,,"Breast Milk","Bottle","75ml",
"Pump","2022-05-20 08:31",,,"150ml",,,
"Feed","2022-05-20 07:37",,,"Breast Milk","Bottle","70ml",
"Diaper","2022-05-20 06:51",,,,,"Poo:large",
"Feed","2022-05-20 05:59",,,"Formula","Bottle","60ml",
"Pump","2022-05-20 05:04",,,"130ml",,,
"Feed","2022-05-20 04:35",,,"Breast Milk","Bottle","120ml",
"Feed","2022-05-20 02:18",,,"Breast Milk","Bottle","60ml",
"Diaper","2022-05-20 02:18",,,,,"Both",
"Pump","2022-05-20 00:54",,,"160ml",,,
"Feed","2022-05-20 00:35",,,"Breast Milk","Bottle","95ml",
"Diaper","2022-05-20 00:35",,,,,"Both",
"Diaper","2022-05-19 21:13",,,,,"Poo:large pee:large",
"Pump","2022-05-19 21:13",,,"80ml",,,
"Feed","2022-05-19 20:58",,,"Breast Milk","Bottle","70ml",
"Feed","2022-05-19 20:02",,,"Breast Milk","Bottle","70ml",
"Feed","2022-05-19 19:36",,,"Breast Milk","Bottle","25ml",
"Diaper","2022-05-19 19:09",,,,,"Both",
"Pump","2022-05-19 19:01",,,"160ml",,,
"Feed","2022-05-19 18:33",,,"Breast Milk","Bottle","110ml",
"Diaper","2022-05-19 17:37",,"green",,,"Both",
"Feed","2022-05-19 15:57",,,"Breast Milk","Bottle","45ml",
"Pump","2022-05-19 15:13",,,"225ml",,,
"Diaper","2022-05-19 14:56",,,,,"Poo:large pee:large",
"Feed","2022-05-19 13:55",,,"Formula","Bottle","120ml",
"Diaper","2022-05-19 12:10",,,,,"Both",
"Feed","2022-05-19 11:52",,,"Formula","Bottle","35ml",
"Feed","2022-05-19 10:58","2022-05-19 11:07","00:09","Null r","Breast","00:09L",
"Feed","2022-05-19 10:15",,,"Breast Milk","Bottle","90ml",
"Diaper","2022-05-19 09:40",,,,,"Pee",
"Feed","2022-05-19 08:40",,,"Breast Milk","Bottle","80ml",
"Diaper","2022-05-19 08:33",,,,,"Pee:large poo:large",
"Pump","2022-05-19 08:13",,,"180ml",,,
"Feed","2022-05-19 07:21",,,"Formula","Bottle","60ml",
"Diaper","2022-05-19 05:34",,,,,"Poo",
"Feed","2022-05-19 04:12",,,"Breast Milk","Bottle","90ml",
"Diaper","2022-05-19 04:11",,,,,"Both",
"Pump","2022-05-18 23:02",,,"180ml",,,
"Diaper","2022-05-18 22:49",,"yellow",,,"Both",
"Feed","2022-05-18 22:49",,,"Breast Milk","Bottle","120ml",
"Feed","2022-05-18 19:56",,,"Breast Milk","Bottle","30ml",
"Diaper","2022-05-18 19:12",,"green",,,"Poo:large pee:large",
"Feed","2022-05-18 19:11",,,"Breast Milk","Bottle","120ml",
"Pump","2022-05-18 19:01",,,"145ml",,,
"Feed","2022-05-18 16:08",,,"Breast Milk","Bottle","150ml",
"Diaper","2022-05-18 15:42",,,,,"Pee",
"Pump","2022-05-18 15:22",,,"150ml",,,
"Growth","2022-05-18 13:42",,,"9.66lbs.oz","1.79ft.in","37cm",
"Pump","2022-05-18 13:10",,,"90ml",,,
"Diaper","2022-05-18 12:34",,,,,"Poo",
"Feed","2022-05-18 11:59",,,"Formula","Bottle","160ml",
"Pump","2022-05-18 11:46",,,"160ml",,,
"Diaper","2022-05-18 11:45",,,,,"Both",
"Diaper","2022-05-18 10:10",,,,,"Both",
"Feed","2022-05-18 08:48",,,"Breast Milk","Bottle","100ml",
"Diaper","2022-05-18 08:30",,,,,"Both",
"Feed","2022-05-18 07:20",,,"Breast Milk","Bottle","55ml",
"Feed","2022-05-18 04:48",,,"Breast Milk","Bottle","65ml",
"Diaper","2022-05-18 04:37",,,,,"Pee",
"Pump","2022-05-18 04:16",,,"245ml",,,
"Diaper","2022-05-18 01:55",,"green",,,"Poo:large pee:large",
"Feed","2022-05-18 01:44",,,"Breast Milk","Bottle","90ml",
"Feed","2022-05-17 20:16",,,"Breast Milk","Bottle","25ml",
"Pump","2022-05-17 19:10",,,"140ml",,,
"Feed","2022-05-17 18:23",,,"Breast Milk","Bottle","40ml",
"Feed","2022-05-17 16:28",,,"Breast Milk","Bottle","90ml",
"Diaper","2022-05-17 16:06",,"yellow",,"Diaper rash","Poo:large",
"Pump","2022-05-17 13:41",,,"142ml",,,
"Diaper","2022-05-17 13:41",,"green",,"Diaper rash","Both",
"Feed","2022-05-17 13:31",,,"Breast Milk","Bottle","105ml",
"Diaper","2022-05-17 11:31",,,,,"Both",
"Feed","2022-05-17 11:24",,,"Breast Milk","Bottle","80ml",
"Pump","2022-05-17 10:02",,,"120ml",,,
"Diaper","2022-05-17 09:13",,,,,"Poo:large pee:large",
"Feed","2022-05-17 08:53",,,"Breast Milk","Bottle","90ml",
"Pump","2022-05-17 07:37",,,"150ml",,,
"Feed","2022-05-17 06:53",,,"Breast Milk","Bottle","80ml",
"Feed","2022-05-17 05:31",,,"Breast Milk","Bottle","15ml",
"Feed","2022-05-17 04:06",,,"Breast Milk","Bottle","90ml",
"Diaper","2022-05-17 04:06",,,,,"Both",
"Pump","2022-05-17 02:50",,,"160ml",,,
"Feed","2022-05-17 01:53",,,"Breast Milk","Bottle","90ml",
"Diaper","2022-05-17 01:53",,,,,"Poo:small pee:medium",
"Feed","2022-05-16 23:03",,,"Breast Milk","Bottle","90ml",
"Pump","2022-05-16 22:43",,,"190ml",,,
"Diaper","2022-05-16 22:33",,,,,"Both",
"Feed","2022-05-16 21:24",,,"Breast Milk","Bottle","50ml",
"Feed","2022-05-16 20:01",,,"Breast Milk","Bottle","2oz",
"Diaper","2022-05-16 19:39",,,,,"Both",
"Pump","2022-05-16 17:36",,,"75ml",,,
"Feed","2022-05-16 17:13",,,"Breast Milk","Bottle","100ml",
"Diaper","2022-05-16 17:04",,,,,"Pee:large",
"Pump","2022-05-16 15:41",,,"160ml",,,
"Diaper","2022-05-16 12:14",,,,,"Poo",
"Diaper","2022-05-16 11:48",,,,,"Poo",
"Feed","2022-05-16 11:48",,,"Breast Milk","Bottle","110ml",
"Diaper","2022-05-16 10:40",,,,,"Both",
"Pump","2022-05-16 09:45",,,"140ml",,,
"Feed","2022-05-16 08:30",,,"Breast Milk","Bottle","100ml",
"Diaper","2022-05-16 08:02",,,,,"Poo:large",
"Growth","2022-05-16 07:38",,,"9.31lbs.oz","1.79ft.in","14.37in",
"Pump","2022-05-16 05:20",,,"225ml",,,
"Feed","2022-05-16 05:18",,,"Breast Milk","Bottle","120ml",
"Diaper","2022-05-16 05:01",,,,,"Pee",
"Feed","2022-05-16 01:50",,,"Breast Milk","Bottle","125ml",
"Diaper","2022-05-16 01:33",,"green",,,"Both",
"Diaper","2022-05-16 01:21",,,,,"Both",
"Feed","2022-05-16 01:03",,,"Breast Milk","Bottle","120ml",
"Pump","2022-05-15 20:51",,,"160ml",,,
"Diaper","2022-05-15 19:22",,"green",,,"Both",
"Feed","2022-05-15 19:20",,,"Breast Milk","Bottle","150ml",
"Diaper","2022-05-15 17:39",,,,,"Both",
"Pump","2022-05-15 16:27",,,"70ml",,,
"Feed","2022-05-15 15:38","2022-05-15 16:00","00:21","Null r","Breast","00:21L",
"Diaper","2022-05-15 15:38",,,,,"Both",
"Pump","2022-05-15 12:51",,,"110ml",,,
"Feed","2022-05-15 12:47",,,"Formula","Bottle","150ml",
"Diaper","2022-05-15 12:16",,"green",,,"Both",
"Pump","2022-05-15 09:47",,,"145ml",,,
"Feed","2022-05-15 09:40",,,"Formula","Bottle","90ml",
"Diaper","2022-05-15 09:10",,,,,"Pee:large",
"Feed","2022-05-15 08:01",,,"Formula","Bottle","50ml",
"Feed","2022-05-15 07:22",,,"Formula","Bottle","70ml",
"Pump","2022-05-15 07:07",,,"225ml",,,
"Diaper","2022-05-15 06:49",,,,,"Pee:large",
"Feed","2022-05-15 02:47",,,"Breast Milk","Bottle","140ml",
"Diaper","2022-05-15 02:47",,"green",,,"Both",
"Pump","2022-05-14 21:52",,,"105ml",,,
"Diaper","2022-05-14 20:22",,"green",,,"Both",
"Feed","2022-05-14 20:07",,,"Breast Milk","Bottle","90ml",
"Pump","2022-05-14 20:00",,,"115ml",,,
"Feed","2022-05-14 18:24",,,"Breast Milk","Bottle","30ml",
"Pump","2022-05-14 18:07",,,"120ml",,,
"Feed","2022-05-14 18:06",,,"Breast Milk","Bottle","100ml",
"Diaper","2022-05-14 17:49",,,,,"Both",
"Feed","2022-05-14 15:58",,,"Breast Milk","Bottle","20ml",
"Feed","2022-05-14 14:50",,,"Breast Milk","Bottle","80ml",
"Feed","2022-05-14 13:19",,,"Breast Milk","Bottle","50ml",
"Pump","2022-05-14 13:07",,,"130ml",,,
"Diaper","2022-05-14 12:46",,"green",,"Diaper rash","Pee:large poo:large",
"Feed","2022-05-14 12:28",,,"Breast Milk","Bottle","70ml",
"Feed","2022-05-14 11:16",,,"Breast Milk","Bottle","60ml",
"Pump","2022-05-14 10:08",,,"90ml",,,
"Feed","2022-05-14 09:38",,,"Breast Milk","Bottle","110ml",
"Diaper","2022-05-14 09:34",,,,,"Poo",
"Diaper","2022-05-14 09:18",,,,,"Pee",
"Feed","2022-05-14 06:58",,,"Breast Milk","Bottle","110ml",
"Pump","2022-05-14 06:55",,,"185ml",,,
"Diaper","2022-05-14 06:25",,,,,"Dry",
"Feed","2022-05-14 03:12",,,"Breast Milk","Bottle","105ml",
"Diaper","2022-05-14 03:08",,"green",,"Diaper rash","Poo:small",
"Diaper","2022-05-14 02:40",,"green",,"Diaper rash","Both",
"Pump","2022-05-13 21:54",,,"95ml",,,
"Feed","2022-05-13 19:28",,,"Breast Milk","Bottle","20ml",
"Diaper","2022-05-13 19:16",,,,,"Both",
"Pump","2022-05-13 19:02",,,"100ml",,,
"Feed","2022-05-13 18:59",,,"Breast Milk","Bottle","95ml",
"Diaper","2022-05-13 17:35",,"yellow",,,"Both",
"Feed","2022-05-13 17:32","2022-05-13 17:53","00:21","Null r","Breast","00:21L",
"Feed","2022-05-13 14:44",,,"Breast Milk","Bottle","180ml",
"Pump","2022-05-13 14:31",,,"105ml",,,
"Diaper","2022-05-13 14:13",,"yellow",,,"Both",
"Pump","2022-05-13 11:21",,,"60ml",,,
"Feed","2022-05-13 11:11",,,"Breast Milk","Bottle","80ml",
"Diaper","2022-05-13 09:43",,,,,"Pee:medium",
"Growth","2022-05-13 09:42",,,"9.1lbs.oz","1.79ft.in","36.5cm",
"Pump","2022-05-13 09:01",,,"65ml",,,
"Feed","2022-05-13 08:56",,,"Breast Milk","Bottle","100ml",
"Pump","2022-05-13 07:10",,,"25ml",,,
"Pump","2022-05-13 06:50",,,"35ml",,,
"Pump","2022-05-13 06:30",,,"60ml",,,
"Pump","2022-05-13 05:39",,,"250ml",,,
"Feed","2022-05-13 05:30",,,"Formula","Bottle","50ml",
"Diaper","2022-05-13 05:29",,,,,"Dry",
"Diaper","2022-05-13 01:55",,"green",,,"Pee:large",
"Feed","2022-05-13 01:51",,,"Breast Milk","Bottle","110ml",
"Pump","2022-05-12 20:06",,,"120ml",,,
"Feed","2022-05-12 20:01",,,"Breast Milk","Bottle","170ml",
"Diaper","2022-05-12 17:30",,"yellow",,,"Both",
"Pump","2022-05-12 17:00",,,"120ml",,,
"Feed","2022-05-12 15:55",,,"Breast Milk","Bottle","130ml",
"Diaper","2022-05-12 14:49",,,,,"Pee:large",
"Pump","2022-05-12 14:14",,,"120ml",,,
"Feed","2022-05-12 12:55",,,"Breast Milk","Bottle","150ml",
"Diaper","2022-05-12 12:28",,"yellow",,,"Poo:large pee:large",
"Pump","2022-05-12 11:40",,,"150ml",,,
"Feed","2022-05-12 10:06",,,"Breast Milk","Bottle","90ml",
"Feed","2022-05-12 08:26",,,"Formula","Bottle","140ml",
"Diaper","2022-05-12 08:18",,,,,"Both",
"Pump","2022-05-12 05:55",,,"200ml",,,
"Diaper","2022-05-12 05:34",,,,,"Pee:large",
"Feed","2022-05-12 05:34",,,"Formula","Bottle","90ml",
"Diaper","2022-05-12 01:53",,,,,"Both",
"Feed","2022-05-12 01:53",,,"Breast Milk","Bottle","115ml",
"Feed","2022-05-11 22:21",,,"Breast Milk","Bottle","65ml",
"Diaper","2022-05-11 22:21",,,,,"Poo:small pee:small",
"Pump","2022-05-11 20:54",,,"140ml",,,
"Diaper","2022-05-11 20:36",,,,,"Both",
"Diaper","2022-05-11 20:33",,"green",,,"Both",
"Feed","2022-05-11 19:56",,,"Breast Milk","Bottle","140ml",
"Pump","2022-05-11 17:46",,,"150ml",,,
"Feed","2022-05-11 17:04",,,"Breast Milk","Bottle","90ml",
"Diaper","2022-05-11 16:55",,"green",,,"Pee:large poo:medium",
"Feed","2022-05-11 14:00",,,"Breast Milk","Bottle","120ml",
"Pump","2022-05-11 12:56",,,"95ml",,,
"Diaper","2022-05-11 11:17",,"green",,,"Both",
"Feed","2022-05-11 11:17",,,"Breast Milk","Bottle","150ml",
"Pump","2022-05-11 08:21",,,"95ml",,,
"Feed","2022-05-11 07:45",,,"Breast Milk","Bottle","165ml",
"Feed","2022-05-11 07:20","2022-05-11 07:35","00:15","Null r","Breast","00:15L",
"Diaper","2022-05-11 07:04",,"green",,,"Poo",
"Diaper","2022-05-11 05:35",,"green",,,"Poo",
"Pump","2022-05-11 04:34",,,"175ml",,,
"Diaper","2022-05-11 04:34",,"yellow",,,"Poo",
"Feed","2022-05-11 04:05",,,"Breast Milk","Bottle","35ml",
"Diaper","2022-05-11 03:34",,,,,"Pee",
"Feed","2022-05-11 01:32",,,"Breast Milk","Bottle","120ml",
"Pump","2022-05-10 20:59",,,"105ml",,,
"Feed","2022-05-10 20:57",,,"Breast Milk","Bottle","115ml",
"Diaper","2022-05-10 20:35",,"green",,,"Both",
"Pump","2022-05-10 17:54",,,"105ml",,,
"Feed","2022-05-10 17:10",,,"Breast Milk","Bottle","110ml",
"Diaper","2022-05-10 16:53",,"yellow",,,"Both",
"Feed","2022-05-10 15:54",,,"Breast Milk","Bottle","80ml",
"Diaper","2022-05-10 15:32",,"green",,,"Both",
"Pump","2022-05-10 14:50",,,"170ml",,,
"Diaper","2022-05-10 12:38",,,,,"Pee",
"Feed","2022-05-10 12:37",,,"Breast Milk","Bottle","90ml",
"Feed","2022-05-10 11:12",,,"Breast Milk","Bottle","45ml",
"Pump","2022-05-10 09:55",,,"165ml",,,
"Diaper","2022-05-10 09:08",,,,,"Pee:large",
"Feed","2022-05-10 07:37",,,"Breast Milk","Bottle","140ml",
"Feed","2022-05-10 03:42",,,"Breast Milk","Bottle","135ml",
"Diaper","2022-05-10 03:34",,"yellow",,,"Both",
"Pump","2022-05-10 03:27",,,"150ml",,,
"Feed","2022-05-09 22:18",,,"Breast Milk","Bottle","110ml",
"Diaper","2022-05-09 21:53",,"green",,,"Both",
"Pump","2022-05-09 20:40",,,"105ml",,,
"Feed","2022-05-09 19:20",,,"Breast Milk","Bottle","130ml",
"Diaper","2022-05-09 19:01",,"yellow",,,"Both",
"Pump","2022-05-09 17:07",,,"90ml",,,
"Feed","2022-05-09 15:35",,,"Breast Milk","Bottle","70ml",
"Pump","2022-05-09 14:45",,,"50ml",,,
"Feed","2022-05-09 14:15",,,"Breast Milk","Bottle","50ml",
"Feed","2022-05-09 13:51","2022-05-09 14:06","00:15","00:02R","Breast","00:13L",
"Diaper","2022-05-09 13:44",,"yellow",,,"Both",
"Feed","2022-05-09 11:56",,,"Breast Milk","Bottle","60ml",
"Diaper","2022-05-09 11:22",,,,,"Pee:large",
"Pump","2022-05-09 11:17",,,"120ml",,,
"Feed","2022-05-09 10:30",,,"Breast Milk","Bottle","50ml",
"Feed","2022-05-09 08:55",,,"Breast Milk","Bottle","120ml",
"Diaper","2022-05-09 08:46",,"yellow",,,"Poo:large pee:large",
"Pump","2022-05-09 08:23",,,"120ml",,,
"Diaper","2022-05-09 06:47",,"yellow",,,"Poo",
"Feed","2022-05-09 06:46",,,"Breast Milk","Bottle","80ml",
"Pump","2022-05-09 04:51",,,"220ml",,,
"Feed","2022-05-09 04:48",,,"Breast Milk","Bottle","50ml",
"Diaper","2022-05-09 04:41",,,,,"Pee",
"Diaper","2022-05-09 01:20",,"green",,,"Both",
"Feed","2022-05-09 01:01",,,"Breast Milk","Bottle","150ml",
"Pump","2022-05-08 20:44",,,"40ml",,,
"Feed","2022-05-08 19:23",,,"Breast Milk","Bottle","145ml",
"Diaper","2022-05-08 18:23",,"green",,,"Both",
"Pump","2022-05-08 18:23",,,"115ml",,,
"Feed","2022-05-08 16:25",,,"Breast Milk","Bottle","100ml",
"Diaper","2022-05-08 16:01",,"yellow",,,"Both",
"Pump","2022-05-08 13:52",,,"150ml",,,
"Feed","2022-05-08 13:17",,,"Breast Milk","Bottle","40ml",
"Diaper","2022-05-08 12:31",,"green",,,"Both",
"Feed","2022-05-08 12:17",,,"Breast Milk","Bottle","60ml",
"Diaper","2022-05-08 10:22",,"yellow",,,"Poo:large pee:large",
"Pump","2022-05-08 10:09",,,"140ml",,,
"Feed","2022-05-08 10:09",,,"Breast Milk","Bottle","110ml",
"Pump","2022-05-08 06:46",,,"210ml",,,
"Diaper","2022-05-08 06:45",,"yellow",,,"Both",
"Feed","2022-05-08 06:34",,,"Breast Milk","Bottle","100ml",
"Feed","2022-05-08 02:54",,,"Breast Milk","Bottle","135ml",
"Diaper","2022-05-07 22:47",,,,,"Both",
"Feed","2022-05-07 22:16",,,"Breast Milk","Bottle","140ml",
"Pump","2022-05-07 20:49",,,"130ml",,,
"Feed","2022-05-07 17:57",,,"Breast Milk","Bottle","110ml",
"Diaper","2022-05-07 17:37",,,,,"Pee:large",
"Pump","2022-05-07 17:16",,,"105ml",,,
"Feed","2022-05-07 15:05",,,"Breast Milk","Bottle","135ml",
"Diaper","2022-05-07 15:05",,"green",,,"Both",
"Pump","2022-05-07 14:14",,,"180ml",,,
"Feed","2022-05-07 12:14",,,"Breast Milk","Bottle","75ml",
"Diaper","2022-05-07 11:19",,,,,"Both",
"Feed","2022-05-07 09:37",,,"Breast Milk","Bottle","80ml",
"Pump","2022-05-07 09:20",,,"150ml",,,
"Diaper","2022-05-07 08:55",,"yellow",,,"Both",
"Feed","2022-05-07 08:11",,,"Breast Milk","Bottle","70ml",
"Diaper","2022-05-07 07:54",,"yellow",,,"Both",
"Pump","2022-05-07 05:27",,,"135ml",,,
"Feed","2022-05-07 05:13",,,"Breast Milk","Bottle","100ml",
"Diaper","2022-05-07 04:50",,,,,"Pee",
"Feed","2022-05-07 01:58",,,"Breast Milk","Bottle","125ml",
"Diaper","2022-05-07 01:23",,"yellow",,,"Both",
"Pump","2022-05-06 21:44",,,"65ml",,,
"Feed","2022-05-06 21:43",,,"Breast Milk","Bottle","60ml",
"Feed","2022-05-06 21:07","2022-05-06 21:24","00:17","Null r","Breast","00:17L",
"Diaper","2022-05-06 21:01",,,,,"Pee",
"Diaper","2022-05-06 20:42",,"green",,,"Both",
"Pump","2022-05-06 18:44",,,"110ml",,,
"Feed","2022-05-06 17:53",,,"Breast Milk","Bottle","75ml",
"Diaper","2022-05-06 17:27",,,,,"Both",
"Feed","2022-05-06 16:23",,,"Breast Milk","Bottle","100ml",
"Diaper","2022-05-06 15:50",,"yellow",,,"Pee:large poo:large",
"Pump","2022-05-06 15:14",,,"90ml",,,
"Feed","2022-05-06 12:52",,,"Breast Milk","Bottle","120ml",
"Pump","2022-05-06 11:30",,,"90ml",,,
"Diaper","2022-05-06 11:02",,"yellow",,,"Poo:large pee:large",
"Pump","2022-05-06 09:20",,,"130ml",,,
"Feed","2022-05-06 09:15",,,"Breast Milk","Bottle","120ml",
"Diaper","2022-05-06 08:59",,,,,"Pee",
"Pump","2022-05-06 05:33",,,"210ml",,,
"Feed","2022-05-06 05:25",,,"Breast Milk","Bottle","70ml",
"Diaper","2022-05-06 05:08",,"green",,,"Pee:large poo:large",
"Feed","2022-05-06 02:57",,,"Breast Milk","Bottle","20ml",
"Diaper","2022-05-06 01:18",,,,,"Both",
"Feed","2022-05-06 01:18",,,"Breast Milk","Bottle","130ml",
"Feed","2022-05-05 20:07",,,"Breast Milk","Bottle","120ml",
"Diaper","2022-05-05 19:49",,,,,"Pee",
"Pump","2022-05-05 19:13",,,"75ml",,,
"Feed","2022-05-05 17:01",,,"Breast Milk","Bottle","100ml",
"Pump","2022-05-05 16:43",,,"100ml",,,
"Feed","2022-05-05 14:37","2022-05-05 14:57","00:20","Null r","Breast","00:20L",
"Diaper","2022-05-05 14:32",,,,,"Pee",
"Pump","2022-05-05 12:35",,,"90ml",,,
"Diaper","2022-05-05 10:54",,"yellow",,,"Both",
"Feed","2022-05-05 10:53",,,"Breast Milk","Bottle","100ml",
"Pump","2022-05-05 09:27",,,"100ml",,,
"Diaper","2022-05-05 09:00",,"yellow",,,"Both",
"Feed","2022-05-05 08:38",,,"Breast Milk","Bottle","80ml",
"Pump","2022-05-05 06:06",,,"180ml",,,
"Feed","2022-05-05 05:31",,,"Breast Milk","Bottle","65ml",
"Diaper","2022-05-05 05:21",,"yellow",,,"Both",
"Diaper","2022-05-05 02:06",,,,,"Both",
"Feed","2022-05-05 01:36",,,"Breast Milk","Bottle","120ml",
"Diaper","2022-05-04 23:09",,,,,"Both",
"Feed","2022-05-04 22:36",,,"Breast Milk","Bottle","100ml",
"Pump","2022-05-04 21:23",,,"60ml",,,
"Pump","2022-05-04 19:34",,,"105ml",,,
"Diaper","2022-05-04 19:21",,,,,"Pee",
"Feed","2022-05-04 18:29",,,"Breast Milk","Bottle","95ml",
"Feed","2022-05-04 16:01",,,"Breast Milk","Bottle","45ml",
"Pump","2022-05-04 15:45",,,"90ml",,,
"Feed","2022-05-04 15:22","2022-05-04 15:40","00:18","00:09R","Breast","00:09L",
"Diaper","2022-05-04 15:12",,,,,"Pee",
"Growth","2022-05-04 15:00",,,"8.51lbs.oz","1.71ft.in","14.17in",
"Diaper","2022-05-04 13:47",,,,,"Pee",
"Feed","2022-05-04 13:46",,,"Breast Milk","Bottle","70ml",
"Pump","2022-05-04 12:58",,,"70ml",,,
"Diaper","2022-05-04 11:27",,"yellow",,,"Both",
"Feed","2022-05-04 11:12",,,"Breast Milk","Bottle","40ml",
"Pump","2022-05-04 11:02",,,"30ml",,,
"Feed","2022-05-04 10:38","2022-05-04 10:55","00:17","Null r","Breast","00:17L",
"Pump","2022-05-04 08:57",,,"60ml",,"30ml",
"Feed","2022-05-04 08:35",,,"Breast Milk","Bottle","35ml",
"Diaper","2022-05-04 08:21",,"yellow",,,"Both",
"Feed","2022-05-04 07:01",,,"Breast Milk","Bottle","60ml",
"Diaper","2022-05-04 06:35",,,,,"Pee:large",
"Pump","2022-05-04 06:29",,,"120ml",,,
"Feed","2022-05-04 03:01",,,"Breast Milk","Bottle","100ml",
"Diaper","2022-05-04 03:00",,,,,"Pee",
"Diaper","2022-05-04 00:35",,,,,"Both",
"Feed","2022-05-04 00:35",,,"Breast Milk","Bottle","105ml",
"Pump","2022-05-03 21:07",,,"90ml",,,
"Feed","2022-05-03 20:22",,,"Breast Milk","Bottle","60ml",
"Feed","2022-05-03 18:41",,,"Breast Milk","Bottle","50ml",
"Pump","2022-05-03 18:01",,,"90ml",,,
"Diaper","2022-05-03 18:00",,"yellow",,,"Both",
"Feed","2022-05-03 16:26",,,"Breast Milk","Bottle","80ml",
"Diaper","2022-05-03 16:07",,"yellow",,,"Both",
"Feed","2022-05-03 15:14",,,"Breast Milk","Bottle","70ml",
"Diaper","2022-05-03 15:11",,,,,"Pee",
"Pump","2022-05-03 15:03",,,"80ml",,,
"Feed","2022-05-03 12:22",,,"Breast Milk","Bottle","60ml",
"Feed","2022-05-03 11:46","2022-05-03 12:09","00:23","Null r","Breast","00:23L",
"Pump","2022-05-03 11:40",,,"80ml",,,
"Diaper","2022-05-03 11:31",,,,,"Pee",
"Diaper","2022-05-03 09:46",,"yellow",,,"Both",
"Feed","2022-05-03 09:45",,,"Breast Milk","Bottle","100ml",
"Pump","2022-05-03 09:30",,,"100ml",,,
"Diaper","2022-05-03 07:32",,"yellow",,,"Poo",
"Feed","2022-05-03 07:30",,,"Breast Milk","Bottle","75ml",
"Pump","2022-05-03 06:13",,,"95ml",,,
"Feed","2022-05-03 05:47",,,"Breast Milk","Bottle","35ml",
"Diaper","2022-05-03 05:36",,,,,"Pee",
"Feed","2022-05-03 02:19",,,"Breast Milk","Bottle","130ml",
"Feed","2022-05-02 23:03",,,"Breast Milk","Bottle","80ml",
"Pump","2022-05-02 20:55",,,"80ml",,,
"Feed","2022-05-02 20:03",,,"Breast Milk","Bottle","120ml",
"Diaper","2022-05-02 19:02",,"yellow",,,"Pee:large poo:large",
"Pump","2022-05-02 17:46",,,"110ml",,,
"Feed","2022-05-02 17:09",,,"Breast Milk","Bottle","40ml",
"Diaper","2022-05-02 15:43",,"yellow",,,"Poo:small",
"Feed","2022-05-02 15:14",,,"Breast Milk","Bottle","90ml",
"Diaper","2022-05-02 14:49",,"yellow",,,"Poo:large",
"Pump","2022-05-02 14:37",,,"80ml",,,
"Diaper","2022-05-02 12:51",,,,,"Pee:large",
"Pump","2022-05-02 12:17",,,"90ml",,,
"Feed","2022-05-02 12:02",,,"Breast Milk","Bottle","95ml",
"Diaper","2022-05-02 11:18",,,,,"Pee:large",
"Feed","2022-05-02 09:22",,,"Breast Milk","Bottle","40ml",
"Pump","2022-05-02 09:02",,,"90ml",,,
"Feed","2022-05-02 08:47","2022-05-02 09:11","00:23","Null r","Breast","00:23L",
"Diaper","2022-05-02 08:35",,,,,"Pee",
"Feed","2022-05-02 06:09",,,"Breast Milk","Bottle","70ml",
"Diaper","2022-05-02 06:01",,,,,"Pee",
"Pump","2022-05-02 05:15",,,"150ml",,,
"Diaper","2022-05-02 02:30",,,,,"Both",
"Diaper","2022-05-02 02:03",,,,,"Both",
"Feed","2022-05-02 02:03",,,"Breast Milk","Bottle","100ml",
"Feed","2022-05-01 22:33",,,"Breast Milk","Bottle","85ml",
"Feed","2022-05-01 20:21",,,"Breast Milk","Bottle","50ml",
"Diaper","2022-05-01 20:08",,,,,"Pee",
"Pump","2022-05-01 20:06",,,"90ml",,,
"Feed","2022-05-01 19:22","2022-05-01 19:27","00:04","Null r","Breast","00:04L",
"Feed","2022-05-01 19:05",,,"Breast Milk","Bottle","95ml",
"Diaper","2022-05-01 19:03",,"yellow",,,"Poo:large",
"Pump","2022-05-01 18:06",,,"120ml",,,
"Diaper","2022-05-01 15:09",,"yellow",,,"Poo:large pee:large",
"Feed","2022-05-01 15:00",,,"Formula","Bottle","80ml",
"Pump","2022-05-01 14:47",,,"140ml",,,
"Feed","2022-05-01 13:29",,,"Formula","Bottle","15ml",
"Feed","2022-05-01 12:20",,,"Breast Milk","Bottle","75ml",
"Diaper","2022-05-01 12:04",,"yellow",,,"Pee:large poo:medium",
"Feed","2022-05-01 10:56",,,"Breast Milk","Bottle","50ml",
"Pump","2022-05-01 09:34",,,"120ml",,,
"Feed","2022-05-01 09:09",,,"Breast Milk","Bottle","90ml",
"Diaper","2022-05-01 08:05",,"yellow",,,"Both",
"Feed","2022-05-01 08:04",,,"Breast Milk","Bottle","70ml",
"Diaper","2022-05-01 07:00",,"green",,,"Both",
"Pump","2022-05-01 06:56",,,"120ml",,,
"Diaper","2022-05-01 04:26",,,,,"Both",
"Feed","2022-05-01 04:13",,,"Breast Milk","Bottle","90ml",
"Diaper","2022-05-01 01:41",,,,,"Both",
"Feed","2022-05-01 01:01",,,"Breast Milk","Bottle","110ml",
"Feed","2022-04-30 23:07",,,"Breast Milk","Bottle","40ml",
"Feed","2022-04-30 21:33",,,"Breast Milk","Bottle","100ml",
"Pump","2022-04-30 21:25",,,"140ml",,,
"Diaper","2022-04-30 21:01",,"yellow",,,"Pee:large poo:large",
"Feed","2022-04-30 19:25","2022-04-30 19:43","00:17","Null r","Breast","00:17L",
"Feed","2022-04-30 18:01",,,"Breast Milk","Bottle","100ml",
"Pump","2022-04-30 18:00",,,"150ml",,,
"Diaper","2022-04-30 17:32",,"green",,,"Poo:small",
"Diaper","2022-04-30 13:21",,"yellow",,,"Poo:large pee:small",
"Feed","2022-04-30 13:18",,,"Breast Milk","Bottle","110ml",
"Pump","2022-04-30 12:58",,,"120ml",,,
"Diaper","2022-04-30 12:12",,"yellow",,,"Both",
"Growth","2022-04-30 11:22",,,"7.97lbs.oz","1.71ft.in","36cm",
"Feed","2022-04-30 11:15",,,"Breast Milk","Bottle","70ml",
"Diaper","2022-04-30 10:02",,"yellow",,,"Poo:small pee:large",
"Pump","2022-04-30 09:41",,,"140ml",,,
"Feed","2022-04-30 09:07",,,"Breast Milk","Bottle","60ml",
"Feed","2022-04-30 08:42","2022-04-30 09:00","00:17","Null r","Breast","00:17L",
"Feed","2022-04-30 07:00",,,"Breast Milk","Bottle","90ml",
"Diaper","2022-04-30 06:50",,,,,"Pee",
"Pump","2022-04-30 06:31",,,"190ml",,,
"Diaper","2022-04-30 02:56",,,,,"Both",
"Feed","2022-04-30 02:38",,,"Breast Milk","Bottle","65ml",
"Feed","2022-04-30 00:17",,,"Breast Milk","Bottle","55ml",
"Diaper","2022-04-30 00:17",,,,,"Both",
"Diaper","2022-04-29 22:18",,,,,"Both",
"Feed","2022-04-29 22:17",,,"Breast Milk","Bottle","70ml",
"Pump","2022-04-29 21:20",,,"120ml",,,
"Feed","2022-04-29 20:16","2022-04-29 20:32","00:15","Null r","Breast","00:15L",
"Diaper","2022-04-29 19:23",,"yellow",,,"Both",
"Feed","2022-04-29 19:01",,,"Breast Milk","Bottle","50ml",
"Feed","2022-04-29 17:30",,,"Breast Milk","Bottle","50ml",
"Pump","2022-04-29 17:06",,,"120ml",,,
"Diaper","2022-04-29 17:01",,"yellow",,,"Poo",
"Feed","2022-04-29 14:41",,,"Breast Milk","Bottle","90ml",
"Diaper","2022-04-29 14:19",,"yellow",,,"Both",
"Pump","2022-04-29 13:33",,,"120ml",,,
"Feed","2022-04-29 11:51",,,"Breast Milk","Bottle","90ml",
"Diaper","2022-04-29 11:22",,"yellow",,,"Poo:large pee:large",
"Pump","2022-04-29 10:41",,,"130ml",,,
"Feed","2022-04-29 08:22",,,"Breast Milk","Bottle","70ml",
"Diaper","2022-04-29 07:40",,,,,"Pee",
"Feed","2022-04-29 07:17","2022-04-29 07:40","00:22","00:07R","Breast","00:15L",
"Pump","2022-04-29 06:48",,,"150ml",,,
"Diaper","2022-04-29 04:57",,,,,"Both",
"Feed","2022-04-29 04:41",,,"Breast Milk","Bottle","90ml",
"Feed","2022-04-29 01:29",,,"Breast Milk","Bottle","70ml",
"Diaper","2022-04-29 01:16",,,,,"Pee",
"Diaper","2022-04-28 22:39",,,,,"Pee",
"Feed","2022-04-28 22:39",,,"Breast Milk","Bottle","90ml",
"Pump","2022-04-28 21:23",,,"90ml",,,
"Feed","2022-04-28 20:34","2022-04-28 20:58","00:23","Null r","Breast","00:23L",
"Diaper","2022-04-28 17:24",,,,,"Pee",
"Feed","2022-04-28 16:59",,,"Breast Milk","Bottle","80ml",
"Pump","2022-04-28 16:54",,,"120ml",,,
"Feed","2022-04-28 16:16","2022-04-28 16:30","00:14","Null r","Breast","00:14L",
"Diaper","2022-04-28 13:44",,"yellow",,,"Poo",
"Pump","2022-04-28 13:42",,,"70ml",,,
"Feed","2022-04-28 13:39",,,"Breast Milk","Bottle","90ml",
"Diaper","2022-04-28 13:04",,,,,"Pee",
"Pump","2022-04-28 11:17",,,"90ml",,,
"Diaper","2022-04-28 10:51",,"yellow",,,"Both",
"Feed","2022-04-28 10:15",,,"Breast Milk","Bottle","80ml",
"Pump","2022-04-28 08:34",,,"100ml",,,
"Feed","2022-04-28 08:27",,,"Breast Milk","Bottle","20ml",
"Feed","2022-04-28 07:46","2022-04-28 08:11","00:24","Null r","Breast","00:24L",
"Diaper","2022-04-28 07:14",,"yellow",,,"Both",
"Pump","2022-04-28 05:34",,,"180ml",,,
"Feed","2022-04-28 04:44",,,"Breast Milk","Bottle","60ml",
"Diaper","2022-04-28 01:52",,,,,"Both",
"Feed","2022-04-28 01:51",,,"Breast Milk","Bottle","90ml",
"Diaper","2022-04-27 22:21",,,,,"Both",
"Feed","2022-04-27 22:06",,,"Breast Milk","Bottle","130ml",
"Pump","2022-04-27 20:55",,,"110ml",,,
"Diaper","2022-04-27 19:48",,,,,"Pee",
"Feed","2022-04-27 19:47",,,"Breast Milk","Bottle","30ml",
"Pump","2022-04-27 18:39",,,"105ml",,,
"Diaper","2022-04-27 17:47",,"yellow",,,"Both",
"Feed","2022-04-27 17:08","2022-04-27 17:35","00:27","Null r","Breast","00:27L",
"Growth","2022-04-27 15:44",,,"7.97lbs.oz","1.71ft.in","13.2in",
"Diaper","2022-04-27 15:30",,,,,"Pee",
"Feed","2022-04-27 15:10","2022-04-27 15:30","00:20","Null r","Breast","00:20L",
"Diaper","2022-04-27 14:10",,"yellow",,,"Both",
"Feed","2022-04-27 13:28",,,"Breast Milk","Bottle","70ml",
"Diaper","2022-04-27 13:01",,"yellow",,,"Both",
"Pump","2022-04-27 13:00",,,"125ml",,,
"Feed","2022-04-27 11:39",,,"Breast Milk","Bottle","40ml",
"Diaper","2022-04-27 10:20",,"yellow",,,"Both",
"Feed","2022-04-27 10:20",,,"Breast Milk","Bottle","40ml",
"Pump","2022-04-27 09:13",,,"100ml",,,
"Diaper","2022-04-27 08:01",,"yellow",,,"Both",
"Feed","2022-04-27 07:58",,,"Breast Milk","Bottle","90ml",
"Pump","2022-04-27 06:19",,,"180ml",,,
"Feed","2022-04-27 06:00",,,"Breast Milk","Bottle","30ml",
"Diaper","2022-04-27 03:35",,,,,"Both",
"Feed","2022-04-27 03:34",,,"Breast Milk","Bottle","80ml",
"Feed","2022-04-27 00:30",,,"Breast Milk","Bottle","50ml",
"Diaper","2022-04-27 00:30",,,,,"Both",
"Pump","2022-04-26 22:18",,,"160ml",,,
"Feed","2022-04-26 21:18",,,"Breast Milk","Bottle","100ml",
"Diaper","2022-04-26 20:18",,"yellow",,,"Both",
"Feed","2022-04-26 18:00",,,"Breast Milk","Bottle","40ml",
"Diaper","2022-04-26 17:38",,"yellow",,,"Poo",
"Pump","2022-04-26 17:14",,,"90ml",,,
"Feed","2022-04-26 16:05",,,"Breast Milk","Bottle","50ml",
"Diaper","2022-04-26 15:39",,"yellow",,,"Both",
"Growth","2022-04-26 14:50",,,"7.91lbs.oz","1.71ft.in","33.53cm",
"Feed","2022-04-26 14:10",,,"Breast Milk","Bottle","55ml",
"Diaper","2022-04-26 13:49",,"yellow",,,"Both",
"Pump","2022-04-26 13:40",,,"115ml",,,
"Diaper","2022-04-26 12:16",,"yellow",,,"Both",
"Feed","2022-04-26 12:06",,,"Breast Milk","Bottle","125ml",
"Pump","2022-04-26 09:41",,,"130ml",,,
"Feed","2022-04-26 08:59",,,"Breast Milk","Bottle","90ml",
"Diaper","2022-04-26 08:59",,"yellow",,,"Both",
"Diaper","2022-04-26 08:13",,,,,"Dry",
"Pump","2022-04-26 06:22",,,"200ml",,,
"Feed","2022-04-26 06:02",,,"Breast Milk","Bottle","30ml",
"Diaper","2022-04-26 05:38",,,,,"Pee",
"Feed","2022-04-26 04:04",,,"Breast Milk","Bottle","60ml",
"Diaper","2022-04-26 03:52",,,,,"Pee",
"Feed","2022-04-26 01:31",,,"Breast Milk","Bottle","80ml",
"Feed","2022-04-25 23:01",,,"Breast Milk","Bottle","40ml",
"Diaper","2022-04-25 22:01",,"yellow",,,"Poo:large pee:large",
"Pump","2022-04-25 20:00",,,"90ml",,,
"Feed","2022-04-25 19:37",,,"Breast Milk","Bottle","70ml",
"Diaper","2022-04-25 19:06",,,,,"Pee",
"Diaper","2022-04-25 17:54",,"yellow",,,"Both",
"Feed","2022-04-25 17:53",,,"Breast Milk","Bottle","50ml",
"Feed","2022-04-25 16:25",,,"Breast Milk","Bottle","50ml",
"Diaper","2022-04-25 15:51",,"yellow",,,"Both",
"Pump","2022-04-25 15:18",,,"80ml",,,
"Feed","2022-04-25 14:41",,,"Breast Milk","Bottle","100ml",
"Diaper","2022-04-25 14:07",,"yellow",,,"Both",
"Pump","2022-04-25 12:19",,,"100ml",,,
"Feed","2022-04-25 11:19",,,"Breast Milk","Bottle","70ml",
"Diaper","2022-04-25 09:34",,"yellow",,,"Poo",
"Feed","2022-04-25 09:31",,,"Breast Milk","Bottle","60ml",
"Pump","2022-04-25 09:17",,,"95ml",,,
"Feed","2022-04-25 07:04",,,"Breast Milk","Bottle","80ml",
"Diaper","2022-04-25 06:52",,"yellow",,,"Poo:small pee:large",
"Pump","2022-04-25 06:44",,,"170ml",,,
"Feed","2022-04-25 04:02",,,"Breast Milk","Bottle","80ml",
"Diaper","2022-04-25 04:02",,,,,"Poo:small",
"Diaper","2022-04-25 00:41",,,,,"Both",
"Feed","2022-04-25 00:25",,,"Breast Milk","Bottle","80ml",
"Pump","2022-04-24 22:21",,,"110ml",,,
"Diaper","2022-04-24 20:56",,,,,"Both",
"Feed","2022-04-24 20:49",,,"Breast Milk","Bottle","90ml",
"Pump","2022-04-24 19:52",,,"150ml",,,
"Feed","2022-04-24 18:10",,,"Breast Milk","Bottle","40ml",
"Feed","2022-04-24 15:38",,,"Breast Milk","Bottle","75ml",
"Diaper","2022-04-24 15:11",,"yellow",,,"Both",
"Pump","2022-04-24 13:37",,,"100ml",,,
"Feed","2022-04-24 13:14",,,"Breast Milk","Bottle","30ml",
"Diaper","2022-04-24 12:33",,"yellow",,,"Poo:large",
"Feed","2022-04-24 12:33",,,"Breast Milk","Bottle","30ml",
"Feed","2022-04-24 11:08",,,"Breast Milk","Bottle","20ml",
"Diaper","2022-04-24 10:55",,,,,"Pee",
"Pump","2022-04-24 10:28",,,"90ml",,,
"Feed","2022-04-24 09:57",,,"Breast Milk","Bottle","40ml",
"Feed","2022-04-24 08:44",,,"Breast Milk","Bottle","40ml",
"Diaper","2022-04-24 08:36",,,,,"Pee",
"Pump","2022-04-24 07:40",,,"150ml",,,
"Diaper","2022-04-24 07:02",,"yellow",,,"Both",
"Feed","2022-04-24 06:49",,,"Breast Milk","Bottle","50ml",
"Diaper","2022-04-24 03:01",,"yellow",,,"Both",
"Feed","2022-04-24 03:00",,,"Breast Milk","Bottle","80ml",
"Feed","2022-04-24 00:07",,,"Formula","Bottle","90ml",
"Pump","2022-04-23 22:57",,,"80ml",,,
"Pump","2022-04-23 21:18",,,"40ml",,,
"Feed","2022-04-23 21:17",,,"Formula","Bottle","55ml",
"Diaper","2022-04-23 21:17",,"yellow",,,"Poo:large pee:large",
"Pump","2022-04-23 19:02",,,"85ml",,,
"Feed","2022-04-23 18:36",,,"Formula","Bottle","30ml",
"Diaper","2022-04-23 18:24",,,,,"Pee",
"Diaper","2022-04-23 15:29",,,,,"Poo",
"Feed","2022-04-23 15:19",,,"Formula","Bottle","80ml",
"Pump","2022-04-23 15:02",,,"120.00000000000001ml",,,
"Feed","2022-04-23 12:40",,,"Formula","Bottle","80ml",
"Diaper","2022-04-23 12:31",,"yellow",,,"Both",
"Pump","2022-04-23 11:56",,,"145ml",,,
"Feed","2022-04-23 09:25",,,"Formula","Bottle","90ml",
"Diaper","2022-04-23 09:02",,"yellow",,,"Both",
"Pump","2022-04-23 08:59",,,"109.99999999999999ml",,,
"Feed","2022-04-23 07:15",,,"Formula","Bottle","30ml",
"Diaper","2022-04-23 06:55",,"yellow",,,"Both",
"Pump","2022-04-23 06:37",,,"99.99999999999999ml",,,
"Feed","2022-04-23 04:06",,,"Breast Milk","Bottle","160ml",
"Feed","2022-04-23 01:22",,,"Breast Milk","Bottle","60ml",
"Diaper","2022-04-22 21:39",,,,,"Both",
"Feed","2022-04-22 21:39",,,"Breast Milk","Bottle","90ml",
"Pump","2022-04-22 21:09",,,"89.99999999999999ml",,,
"Diaper","2022-04-22 20:52",,,,,"Pee",
"Pump","2022-04-22 18:28",,,"125.00000000000001ml",,,
"Diaper","2022-04-22 18:20",,"yellow",,,"Both",
"Feed","2022-04-22 18:18",,,"Breast Milk","Bottle","70ml",
"Feed","2022-04-22 16:50",,,"Breast Milk","Bottle","70ml",
"Diaper","2022-04-22 13:44",,"yellow",,,"Poo",
"Feed","2022-04-22 13:41",,,"Breast Milk","Bottle","115ml",
"Pump","2022-04-22 13:39",,,"110ml",,,
"Diaper","2022-04-22 12:42",,"yellow",,,"Both",
"Feed","2022-04-22 10:50",,,"Breast Milk","Bottle","80ml",
"Diaper","2022-04-22 10:31",,"yellow",,,"Poo",
"Pump","2022-04-22 09:49",,,"125.00000000000001ml",,,
"Feed","2022-04-22 07:57",,,"Breast Milk","Bottle","95ml",
"Diaper","2022-04-22 07:35",,"yellow",,,"Both",
"Pump","2022-04-22 06:54",,,"180ml",,,
"Feed","2022-04-22 03:53",,,"Breast Milk","Bottle","100ml",
"Feed","2022-04-22 02:05",,,"Breast Milk","Bottle","80ml",
"Diaper","2022-04-22 02:04",,,,,"Poo",
"Diaper","2022-04-21 21:47",,,,,"Both",
"Feed","2022-04-21 21:44",,,"Breast Milk","Bottle","85ml",
"Pump","2022-04-21 20:41",,,"109.99999999999999ml",,,
"Feed","2022-04-21 18:29",,,"Breast Milk","Bottle","115ml",
"Diaper","2022-04-21 17:33",,"yellow",,,"Poo",
"Pump","2022-04-21 16:39",,,"80ml",,,
"Feed","2022-04-21 15:27",,,"Breast Milk","Bottle","70ml",
"Diaper","2022-04-21 15:17",,"yellow",,,"Both",
"Pump","2022-04-21 14:19",,,"99.99999999999999ml",,,
"Feed","2022-04-21 13:39",,,"Breast Milk","Bottle","80ml",
"Diaper","2022-04-21 13:11",,"yellow",,,"Both",
"Pump","2022-04-21 11:13",,,"90ml",,,
"Feed","2022-04-21 10:36",,,"Breast Milk","Bottle","45ml",
"Feed","2022-04-21 09:43",,,"Breast Milk","Bottle","70ml",
"Diaper","2022-04-21 09:22",,"yellow",,,"Both",
"Pump","2022-04-21 08:49",,,"120ml",,,
"Feed","2022-04-21 07:20",,,"Breast Milk","Bottle","45ml",
"Diaper","2022-04-21 07:08",,"yellow",,,"Both",
"Pump","2022-04-21 06:10",,,"180ml",,,
"Diaper","2022-04-21 03:52",,,,,"Poo",
"Feed","2022-04-21 03:52",,,"Breast Milk","Bottle","65ml",
"Feed","2022-04-21 01:31",,,"Breast Milk","Bottle","100ml",
"Diaper","2022-04-21 00:28",,,,,"Poo",
"Feed","2022-04-20 22:36",,,"Breast Milk","Bottle","90ml",
"Pump","2022-04-20 20:44",,,"110ml",,,
"Feed","2022-04-20 20:02",,,"Breast Milk","Bottle","105ml",
"Feed","2022-04-20 19:47",,,"Breast Milk","Bottle","45ml",
"Diaper","2022-04-20 19:28",,"yellow",,,"Both",
"Pump","2022-04-20 17:12",,,"130ml",,,
"Feed","2022-04-20 16:56",,,"Breast Milk","Bottle","55ml",
"Diaper","2022-04-20 16:30",,"yellow",,,"Both",
"Feed","2022-04-20 14:49",,,"Breast Milk","Bottle","50ml",
"Diaper","2022-04-20 14:31",,"yellow",,,"Poo",
"Feed","2022-04-20 13:10",,,"Breast Milk","Bottle","40ml",
"Pump","2022-04-20 12:59",,,"130ml",,,
"Diaper","2022-04-20 12:31",,"yellow",,,"Both",
"Feed","2022-04-20 12:02",,,"Breast Milk","Bottle","50ml",
"Feed","2022-04-20 09:39",,,"Breast Milk","Bottle","30ml",
"Diaper","2022-04-20 09:15",,,,,"Pee",
"Pump","2022-04-20 08:06",,,"0ml",,"70ml",
"Feed","2022-04-20 06:55",,,"Breast Milk","Bottle","90ml",
"Diaper","2022-04-20 06:39",,"yellow",,,"Poo:small pee:large",
"Pump","2022-04-20 06:37",,,"120ml",,"0ml",
"Feed","2022-04-20 03:34",,,"Breast Milk","Bottle","65ml",
"Feed","2022-04-19 22:48",,,"Breast Milk","Bottle","60ml",
"Pump","2022-04-19 22:18",,,"80ml",,,
"Diaper","2022-04-19 22:08",,"yellow",,,"Both",
"Feed","2022-04-19 20:02",,,"Breast Milk","Bottle","30ml",
"Pump","2022-04-19 19:45",,,"120ml",,,
"Feed","2022-04-19 19:25",,,"Breast Milk","Bottle","40ml",
"Diaper","2022-04-19 17:01",,,,,"Poo",
"Feed","2022-04-19 17:00",,,"Breast Milk","Bottle","75ml",
"Diaper","2022-04-19 16:52",,"yellow",,,"Poo",
"Feed","2022-04-19 16:47",,,"Breast Milk","Bottle","75ml",
"Diaper","2022-04-19 16:09",,,,,"Pee",
"Pump","2022-04-19 15:28",,,"140ml",,,
"Feed","2022-04-19 15:23",,,"Breast Milk","Bottle","25ml",
"Feed","2022-04-19 14:44",,,"Breast Milk","Bottle","80ml",
"Diaper","2022-04-19 14:05",,"yellow",,,"Both",
"Diaper","2022-04-19 12:51",,,,,"Pee:large",
"Feed","2022-04-19 11:59",,,"Breast Milk","Bottle","20ml",
"Diaper","2022-04-19 11:29",,"yellow",,,"Poo",
"Feed","2022-04-19 11:29",,,"Breast Milk","Bottle","30ml",
"Feed","2022-04-19 10:52",,,"Breast Milk","Bottle","30ml",
"Pump","2022-04-19 10:20",,,"130ml",,,
"Feed","2022-04-19 10:01",,,"Breast Milk","Bottle","20ml",
"Diaper","2022-04-19 08:22",,"yellow",,,"Poo",
"Feed","2022-04-19 08:18",,,"Breast Milk","Bottle","25ml",
"Feed","2022-04-19 06:22",,,"Formula","Bottle","60ml",
"Diaper","2022-04-19 06:06",,"yellow",,,"Poo",
"Pump","2022-04-19 05:40",,,"130ml",,,
"Feed","2022-04-19 05:21",,,"Formula","Bottle","40ml",
"Diaper","2022-04-19 05:02",,,,,"Pee",
"Diaper","2022-04-19 01:59",,"yellow",,,"Both",
"Feed","2022-04-19 01:59",,,"Formula","Bottle","80ml",
"Pump","2022-04-18 22:07",,,"120ml",,,
"Feed","2022-04-18 21:51",,,"Formula","Bottle","100ml",
"Diaper","2022-04-18 21:28",,"yellow",,,"Poo",
"Feed","2022-04-18 19:14",,,"Breast Milk","Bottle","50ml",
"Diaper","2022-04-18 17:43",,"yellow","Loose",,"Both",
"Feed","2022-04-18 17:37",,,"Breast Milk","Bottle","30ml",
"Pump","2022-04-18 15:51",,,"60ml",,,
"Diaper","2022-04-18 15:25",,"yellow",,,"Both",
"Feed","2022-04-18 15:24",,,"Breast Milk","Bottle","35ml",
"Growth","2022-04-18 14:57",,,"7.56lbs.oz","1.67ft.in","13.2in",
"Feed","2022-04-18 14:20",,,"Breast Milk","Bottle","30ml",
"Diaper","2022-04-18 14:10",,,,,"Pee",
"Pump","2022-04-18 13:22",,,"69.99999999999999ml",,,
"Feed","2022-04-18 13:09",,,"Breast Milk","Bottle","40ml",
"Diaper","2022-04-18 12:51",,,,,"Pee",
"Feed","2022-04-18 11:44",,,"Breast Milk","Bottle","60ml",
"Diaper","2022-04-18 11:34",,"yellow","Solid",,"Both",
"Pump","2022-04-18 11:03",,,"120ml",,,
"Feed","2022-04-18 09:58",,,"Breast Milk","Bottle","80ml",
"Diaper","2022-04-18 09:55",,"yellow","Solid",,"Poo:medium pee:large",
"Feed","2022-04-18 08:03",,,"Breast Milk","Bottle","20ml",
"Feed","2022-04-18 07:13",,,"Breast Milk","Bottle","70ml",
"Pump","2022-04-18 06:00",,,"130ml",,,
"Feed","2022-04-18 05:32",,,"Breast Milk","Bottle","40ml",
"Diaper","2022-04-18 05:00",,,,,"Pee",
"Diaper","2022-04-18 02:38",,"yellow",,,"Poo:small",
"Feed","2022-04-18 02:37",,,"Breast Milk","Bottle","60ml",
"Diaper","2022-04-17 23:47",,"yellow",,,"Poo",
"Feed","2022-04-17 23:47",,,"Breast Milk","Bottle","70ml",
"Diaper","2022-04-17 21:43",,,,,"Poo",
"Feed","2022-04-17 21:43",,,"Breast Milk","Bottle","75ml",
"Pump","2022-04-17 21:13",,,"55.00000000000001ml",,,
"Diaper","2022-04-17 20:45",,"yellow","Loose",,"Both",
"Feed","2022-04-17 18:35",,,"Breast Milk","Bottle","60ml",
"Pump","2022-04-17 18:25",,,"79.99999999999999ml",,,
"Diaper","2022-04-17 18:15",,"yellow","Loose",,"Both",
"Feed","2022-04-17 16:11",,,"Breast Milk","Bottle","20ml",
"Diaper","2022-04-17 16:01",,"yellow",,,"Both",
"Feed","2022-04-17 15:10",,,"Breast Milk","Bottle","70ml",
"Growth","2022-04-17 14:57",,,"7.31lbs.oz","1.67ft.in","13.2in",
"Pump","2022-04-17 14:10",,,"50ml",,,
"Feed","2022-04-17 14:02",,,"Breast Milk","Bottle","30ml",
"Diaper","2022-04-17 13:29",,,,,"Pee",
"Feed","2022-04-17 12:57",,,"Breast Milk","Bottle","5ml",
"Diaper","2022-04-17 12:24",,"yellow",,,"Poo:medium",
"Feed","2022-04-17 12:08",,,"Breast Milk","Bottle","30ml",
"Pump","2022-04-17 11:36",,,"50ml",,,
"Diaper","2022-04-17 09:52",,,,,"Poo",
"Feed","2022-04-17 09:47",,,"Breast Milk","Bottle","70ml",
"Pump","2022-04-17 09:45",,,"40ml",,,
"Diaper","2022-04-17 09:06",,,,,"Pee",
"Pump","2022-04-17 08:06",,,"60ml",,,
"Diaper","2022-04-17 08:02",,"yellow","Loose",,"Pee:medium poo:medium",
"Feed","2022-04-17 08:01",,,"Breast Milk","Bottle","20ml",
"Feed","2022-04-17 05:06",,,"Breast Milk","Bottle","70ml",
"Diaper","2022-04-17 05:02",,"yellow",,,"Poo:medium",
"Feed","2022-04-17 03:15",,,"Breast Milk","Bottle","60ml",
"Pump","2022-04-17 03:14",,,"60ml",,,
"Diaper","2022-04-17 03:00",,"yellow","Loose",,"Poo:medium pee:medium",
"Diaper","2022-04-16 22:49",,"yellow",,,"Poo:small",
"Feed","2022-04-16 22:48",,,"Breast Milk","Bottle","55ml",
"Feed","2022-04-16 22:14",,,"Breast Milk","Bottle","20ml",
"Pump","2022-04-16 21:47",,,"79.99999999999999ml",,,
"Feed","2022-04-16 21:04",,,"Breast Milk","Bottle","25ml",
"Diaper","2022-04-16 19:50",,"yellow","Runny",,"Poo:large",
"Feed","2022-04-16 18:35",,,"Breast Milk","Bottle","35ml",
"Feed","2022-04-16 18:00","2022-04-16 18:20","00:20","00:10R","Breast","00:10L",
"Diaper","2022-04-16 17:50",,"yellow",,,"Pee:medium poo:large",
"Pump","2022-04-16 17:25",,,"69.99999999999999ml",,,
"Diaper","2022-04-16 16:12",,"brown",,,"Poo:small",
"Feed","2022-04-16 15:28",,,"Formula","Bottle","20ml",
"Feed","2022-04-16 14:30",,,"Formula","Bottle","50ml",
"Diaper","2022-04-16 14:00",,"yellow",,,"Pee:large poo:small",
"Pump","2022-04-16 13:55",,,"64.99999999999999ml",,,
"Pump","2022-04-16 10:56",,,"130ml",,,
"Feed","2022-04-16 10:45",,,"Formula","Bottle","24ml",
"Feed","2022-04-16 10:11",,,"Formula","Bottle","36ml",
"Feed","2022-04-16 09:03",,,"Formula","Bottle","30ml",
"Diaper","2022-04-16 08:45",,,,,"Pee","Blood coming from vagina (streak)"
"Diaper","2022-04-16 07:56",,,,,"Dry","Vaginal blood spot"
"Diaper","2022-04-16 06:24",,"yellow",,,"Poo",
"Feed","2022-04-16 06:17",,,"Breast Milk","Bottle","20ml",
"Feed","2022-04-16 05:52",,,"Formula","Bottle","60ml",
"Pump","2022-04-16 03:03",,,"40ml",,,
"Feed","2022-04-16 02:34",,,"Formula","Bottle","70ml",
"Diaper","2022-04-16 02:12",,,,,"Dry","Blood spot in diaper"
"Feed","2022-04-15 23:24",,,"Breast Milk","Bottle","45ml",
"Pump","2022-04-15 22:48",,,"60ml",,,
"Feed","2022-04-15 22:02",,,"Breast Milk","Bottle","20ml",
"Diaper","2022-04-15 21:45",,"yellow","Mucousy",,"Poo:small",
"Diaper","2022-04-15 21:33",,"yellow","Loose",,"Poo:small",
"Feed","2022-04-15 19:25",,,"Breast Milk","Bottle","65ml",
"Pump","2022-04-15 17:58",,,"35ml",,,
"Feed","2022-04-15 15:33",,,"Breast Milk","Bottle","20ml",
"Diaper","2022-04-15 15:33",,"yellow",,,"Both","Had spot of blood"
"Growth","2022-04-15 14:56",,,"7.31lbs.oz","1.67ft.in","13.2in",
"Pump","2022-04-15 14:30",,,"45ml",,,
"Feed","2022-04-15 13:23",,,"Breast Milk","Bottle","30ml","Plus vitamin d"
"Pump","2022-04-15 11:24",,,"45ml",,,
"Diaper","2022-04-15 11:02",,"brown",,,"Poo",
"Feed","2022-04-15 10:30",,,"Breast Milk","Bottle","40ml",
"Feed","2022-04-15 09:10",,,"Breast Milk","Bottle","15ml",
"Feed","2022-04-15 08:12",,,"Breast Milk","Bottle","30ml",
"Diaper","2022-04-15 08:11",,"brown","Mucousy",,"Poo",
"Pump","2022-04-15 08:00",,,"45ml",,,
"Feed","2022-04-15 04:38",,,"Breast Milk","Bottle","20ml",
"Feed","2022-04-15 03:36",,,"Formula","Bottle","25ml",
"Diaper","2022-04-15 03:36",,"black",,,"Pee:medium poo:medium",
"Pump","2022-04-15 03:04",,,"45ml",,,
"Feed","2022-04-14 23:02",,,"Formula","Bottle","35ml",
"Feed","2022-04-14 21:34",,,"Breast Milk","Bottle","10ml",
"Diaper","2022-04-14 21:34",,"black","Mucousy",,"Poo:large pee:medium",
"Pump","2022-04-14 21:01",,,"35ml",,,
"Sleep","2022-04-14 20:16","2022-04-14 20:32","00:16",,,,
"Feed","2022-04-14 18:58",,,"Breast Milk","Bottle","30ml",
"Diaper","2022-04-14 18:56",,,,,"Pee:medium",
"Pump","2022-04-14 18:08",,,"30ml",,,
"Sleep","2022-04-14 16:54","2022-04-14 18:51","01:56",,,,
"Feed","2022-04-14 16:48",,,"Breast Milk","Bottle","25ml",
"Pump","2022-04-14 15:40",,,"35ml",,,
"Growth","2022-04-14 14:56",,,"7.06lbs.oz","1.67ft.in","13.2in",
"Diaper","2022-04-14 14:03",,"black","Mucousy",,"Poo:large",
"Feed","2022-04-14 13:40",,,"Breast Milk","Bottle","25ml",
"Pump","2022-04-14 12:50",,,"25ml",,,
"Sleep","2022-04-14 12:33","2022-04-14 12:56","00:23",,,,
"Feed","2022-04-14 12:04","2022-04-14 12:09","00:05","00:05R","Breast","Null l",
"Diaper","2022-04-14 11:30",,"black","Mucousy",,"Poo:large pee:large",
"Growth","2022-04-11 15:17",,,"7.87lbs.oz","1.67ft.in","13.2in",